title,"count TW","count total",key,publisher,url
naturgucker,1064,9076940,6ac3f774-d9fb-4796-b3e9-92bf6c81c084,naturgucker.de,https://www.gbif.org/dataset/6ac3f774-d9fb-4796-b3e9-92bf6c81c084
"MEL AVH data",939,5481472,4ce8e3f9-2546-4af1-b28d-e2eadf05dfd4,"Australia's Virtual Herbarium",https://www.gbif.org/dataset/4ce8e3f9-2546-4af1-b28d-e2eadf05dfd4
"Tropicos Specimen Data",3270,4440020,7bd65a7a-f762-11e1-a439-00145eb45e9a,"Missouri Botanical Garden",https://www.gbif.org/dataset/7bd65a7a-f762-11e1-a439-00145eb45e9a
"International Barcode of Life project (iBOL)",3263,2789906,040c5662-da76-4782-a48e-cdea1892d14c,"Institute of Biodiversity, Animal Health and Comparative Medicine, College of Medical, Veterinary and Life Sciences, University of Glasgow",https://www.gbif.org/dataset/040c5662-da76-4782-a48e-cdea1892d14c
"Biologiezentrum Linz",115,2243034,857bce66-f762-11e1-a439-00145eb45e9a,"Biologiezentrum Linz Oberoesterreich",https://www.gbif.org/dataset/857bce66-f762-11e1-a439-00145eb45e9a
"Meise Botanic Garden Herbarium (BR)",251,1541179,b740eaa0-0679-41dc-acb7-990d562dfa37,"Botanic Garden Meise",https://www.gbif.org/dataset/b740eaa0-0679-41dc-acb7-990d562dfa37
"Australian Museum provider for OZCAM",638,1365183,dce8feb0-6c89-11de-8225-b8a03c50a862,"Australian Museum",https://www.gbif.org/dataset/dce8feb0-6c89-11de-8225-b8a03c50a862
"Paleobiology Database",626,1310925,bb5b30b4-827e-4d5e-a86a-825d65cb6583,"Paleobiology Database",https://www.gbif.org/dataset/bb5b30b4-827e-4d5e-a86a-825d65cb6583
"PlutoF platform observations",3,1288808,169fa761-2fb9-4022-93bd-e22b7a062efd,PlutoF,https://www.gbif.org/dataset/169fa761-2fb9-4022-93bd-e22b7a062efd
PRECIS,4,1124142,1881d048-04f9-4bc2-b7c8-931d1659a354,"South African National Biodiversity Institute",https://www.gbif.org/dataset/1881d048-04f9-4bc2-b7c8-931d1659a354
"Phanerogamic Botanical Collections (S)",1231,1030627,0943f690-fde5-11dd-83f4-b8a03c50a862,GBIF-Sweden,https://www.gbif.org/dataset/0943f690-fde5-11dd-83f4-b8a03c50a862
"EURISCO, The European Genetic Resources Search Catalogue",294,976457,865df020-f762-11e1-a439-00145eb45e9a,"Bioversity International",https://www.gbif.org/dataset/865df020-f762-11e1-a439-00145eb45e9a
"University of Michigan Herbarium",149,962519,c8d12f8a-7e39-4e2c-92d7-825d590ad15b,"University of Michigan Herbarium",https://www.gbif.org/dataset/c8d12f8a-7e39-4e2c-92d7-825d590ad15b
"Royal Botanic Gardens, Kew - Herbarium Specimens",733,924700,cd6e21c8-9e8a-493a-8a76-fbf7862069e5,"Royal Botanic Gardens, Kew",https://www.gbif.org/dataset/cd6e21c8-9e8a-493a-8a76-fbf7862069e5
"Royal Botanic Garden Edinburgh Herbarium (E)",1723,903681,bf2a4bf0-5f31-11de-b67e-b8a03c50a862,"Royal Botanic Garden Edinburgh",https://www.gbif.org/dataset/bf2a4bf0-5f31-11de-b67e-b8a03c50a862
"MICROBIS database",4,898985,840ebec6-f762-11e1-a439-00145eb45e9a,"Marine Biology Laboratory",https://www.gbif.org/dataset/840ebec6-f762-11e1-a439-00145eb45e9a
"Queensland Museum provider for OZCAM",498,869147,a79c2b50-6c8a-11de-8226-b8a03c50a862,"Queensland Museum",https://www.gbif.org/dataset/a79c2b50-6c8a-11de-8226-b8a03c50a862
"Museums Victoria provider for OZCAM",143,841721,39905320-6c8a-11de-8226-b8a03c50a862,"Museums Victoria",https://www.gbif.org/dataset/39905320-6c8a-11de-8226-b8a03c50a862
"Bernice P. Bishop Museum",1533,836971,b929f23d-290f-4e85-8f17-764c55b3b284,"Bernice Pauahi Bishop Museum",https://www.gbif.org/dataset/b929f23d-290f-4e85-8f17-764c55b3b284
"AMNH Bird Collection",1906,833709,96c93a1e-f762-11e1-a439-00145eb45e9a,"American Museum of Natural History",https://www.gbif.org/dataset/96c93a1e-f762-11e1-a439-00145eb45e9a
"Western Australian Museum provider for OZCAM",39,794935,7c93d290-6c8b-11de-8226-b8a03c50a862,"Western Australian Museum",https://www.gbif.org/dataset/7c93d290-6c8b-11de-8226-b8a03c50a862
"Paleobiology Database",193,764816,84806e86-f762-11e1-a439-00145eb45e9a,"Marine Science Institute, UCSB",https://www.gbif.org/dataset/84806e86-f762-11e1-a439-00145eb45e9a
Fishbase,1532,731045,197908d0-5565-11d8-b290-b8a03c50a862,FishBase,https://www.gbif.org/dataset/197908d0-5565-11d8-b290-b8a03c50a862
"Botany (UPS)",124,706679,c1a13bf0-0c71-11dd-84d4-b8a03c50a862,GBIF-Sweden,https://www.gbif.org/dataset/c1a13bf0-0c71-11dd-84d4-b8a03c50a862
"The System-wide Information Network for Genetic Resources (SINGER)",5056,683018,85818aea-f762-11e1-a439-00145eb45e9a,"Bioversity International",https://www.gbif.org/dataset/85818aea-f762-11e1-a439-00145eb45e9a
"Illinois Natural History Survey Insect Collection",420,656321,68513375-3aa5-4f6f-9975-d97d56c21d61,"Illinois Natural History Survey",https://www.gbif.org/dataset/68513375-3aa5-4f6f-9975-d97d56c21d61
"LACM Vertebrate Collection",766,588222,7a25f7aa-03fb-4322-aaeb-66719e1a9527,"Natural History Museum of Los Angeles County",https://www.gbif.org/dataset/7a25f7aa-03fb-4322-aaeb-66719e1a9527
"Bee Biology and Systematics Laboratory",6,561820,10e44c48-0839-4a20-86d5-f0e23ae2e366,"USDA-ARS Bee Biology and Systematics Laboratory",https://www.gbif.org/dataset/10e44c48-0839-4a20-86d5-f0e23ae2e366
"South Australian Museum Australia provider for OZCAM",2,499013,fa375330-6c8a-11de-8226-b8a03c50a862,"South Australian Museum",https://www.gbif.org/dataset/fa375330-6c8a-11de-8226-b8a03c50a862
"C.A. Triplehorn Insect Collection (OSUC), Ohio State University",284,498736,84ab7b76-f762-11e1-a439-00145eb45e9a,"Museum of Biological Diversity, The Ohio State University",https://www.gbif.org/dataset/84ab7b76-f762-11e1-a439-00145eb45e9a
"University of California Museum of Paleontology",196,485433,58d0f326-2e85-4d0a-a744-571461220f00,"Berkeley Natural History Museums",https://www.gbif.org/dataset/58d0f326-2e85-4d0a-a744-571461220f00
"Estonian University of Life Sciences",193,477365,5d26c04c-d269-4e1a-9c54-0fc678fae56a,PlutoF,https://www.gbif.org/dataset/5d26c04c-d269-4e1a-9c54-0fc678fae56a
"Natural History Museum, University of Tartu",7,462917,8f7e3c45-4d76-4982-9478-651439e0cd4b,PlutoF,https://www.gbif.org/dataset/8f7e3c45-4d76-4982-9478-651439e0cd4b
"Field Museum of Natural History (Zoology) Insect, Arachnid and Myriapod Collection",250,443796,7931dcab-94f1-46ce-8092-56e4335423de,"Field Museum",https://www.gbif.org/dataset/7931dcab-94f1-46ce-8092-56e4335423de
MAL,1031,407594,86b50d88-f762-11e1-a439-00145eb45e9a,"Academy of Natural Sciences",https://www.gbif.org/dataset/86b50d88-f762-11e1-a439-00145eb45e9a
"Herbarium of Taiwan Forestry Research Institute",246464,406575,eb7681c5-5c9c-4e28-954f-f328991c7004,"Taiwan Forestry Research Institute",https://www.gbif.org/dataset/eb7681c5-5c9c-4e28-954f-f328991c7004
"Texas A&M University Insect Collection",316,404842,96193ea2-f762-11e1-a439-00145eb45e9a,"Texas A&M University Insect Collection",https://www.gbif.org/dataset/96193ea2-f762-11e1-a439-00145eb45e9a
Edaphobase,40,394134,82a421d4-f762-11e1-a439-00145eb45e9a,"Senckenberg Museum für Naturkunde Görlitz",https://www.gbif.org/dataset/82a421d4-f762-11e1-a439-00145eb45e9a
"Herbarium Berolinense",102,380448,85714c48-f762-11e1-a439-00145eb45e9a,"Botanic Garden and Botanical Museum Berlin-Dahlem",https://www.gbif.org/dataset/85714c48-f762-11e1-a439-00145eb45e9a
"Naturalis Biodiversity Center (NL) - Museum collection digitized at storage unit level",10,368853,62d82928-dc6f-40dc-85b3-f2be47e7b49a,"Naturalis Biodiversity Center",https://www.gbif.org/dataset/62d82928-dc6f-40dc-85b3-f2be47e7b49a
"AMNH Herpetology Collections",514,349178,71d0dff0-f762-11e1-a439-00145eb45e9a,"American Museum of Natural History",https://www.gbif.org/dataset/71d0dff0-f762-11e1-a439-00145eb45e9a
"Carnet en Ligne",2,335075,baa86fb2-7346-4507-a34f-44e4c1bd0d57,"Tela Botanica",https://www.gbif.org/dataset/baa86fb2-7346-4507-a34f-44e4c1bd0d57
"NOAA Deep Sea Corals Research and Technology Program",3,333324,df8e3fb8-3da7-4104-a866-748f6da20a3c,"United States Geological Survey",https://www.gbif.org/dataset/df8e3fb8-3da7-4104-a866-748f6da20a3c
"USGS PWRC - Native Bee Inventory and Monitoring Lab (BIML)",3,329917,f519367d-6b9d-411c-b319-99424741e7de,"United States Geological Survey",https://www.gbif.org/dataset/f519367d-6b9d-411c-b319-99424741e7de
"Fungi (S)",131,327284,fe35d6a0-0c6e-11dd-84d2-b8a03c50a862,GBIF-Sweden,https://www.gbif.org/dataset/fe35d6a0-0c6e-11dd-84d2-b8a03c50a862
"CAS Herpetology (HERP)",3134,317211,cece4fc2-1fec-4bb5-a335-7252548e3f0b,"California Academy of Sciences",https://www.gbif.org/dataset/cece4fc2-1fec-4bb5-a335-7252548e3f0b
"United States National Plant Germplasm System Collection",705,313949,85802736-f762-11e1-a439-00145eb45e9a,"US National Plant Germplasm System",https://www.gbif.org/dataset/85802736-f762-11e1-a439-00145eb45e9a
"AMNH Mammal Collections",845,290333,96ca66b4-f762-11e1-a439-00145eb45e9a,"American Museum of Natural History",https://www.gbif.org/dataset/96ca66b4-f762-11e1-a439-00145eb45e9a
"Field Museum of Natural History (Zoology) Amphibian and Reptile Collection",4101,285727,e48d6c49-34a3-4df6-8206-121c061f190d,"Field Museum",https://www.gbif.org/dataset/e48d6c49-34a3-4df6-8206-121c061f190d
"Natural History Museum, Vienna - Herbarium W",350,274661,7f5260c2-f762-11e1-a439-00145eb45e9a,"Natural History Museum, Vienna - Herbarium W",https://www.gbif.org/dataset/7f5260c2-f762-11e1-a439-00145eb45e9a
"Plantae, TAIF (Taiwan e-Learning and Digital Archives Program, TELDAP)",100222,268160,8d7c4dd0-c75e-11dd-87ef-b8a03c50a862,TELDAP,https://www.gbif.org/dataset/8d7c4dd0-c75e-11dd-87ef-b8a03c50a862
"Entomological Specimens of Museum of Nature and Human Activities, Hyogo Pref., Japan",9958,267243,68c30283-d2a7-4742-96cb-52e249598ff9,"National Institute of Genetics, ROIS",https://www.gbif.org/dataset/68c30283-d2a7-4742-96cb-52e249598ff9
"WFVZ Bird Collections",10,267236,8be43f9b-52e7-47d4-be3e-dbcc066d70ab,"Western Foundation of Vertebrate Zoology",https://www.gbif.org/dataset/8be43f9b-52e7-47d4-be3e-dbcc066d70ab
"Auckland Museum Botany Collection",10,258707,83ae84cf-88e4-4b5c-80b2-271a15a3e0fc,"Auckland War Memorial Museum",https://www.gbif.org/dataset/83ae84cf-88e4-4b5c-80b2-271a15a3e0fc
"IZIKO South Africa Museum Collection (1800-2013)",3,258397,7b468209-8d5c-477b-b118-cdf04dde9912,"South African National Biodiversity Institute",https://www.gbif.org/dataset/7b468209-8d5c-477b-b118-cdf04dde9912
"Estonian Museum of Natural History",95,256412,5733a11d-9286-469c-a9f1-9b21c1e57caa,PlutoF,https://www.gbif.org/dataset/5733a11d-9286-469c-a9f1-9b21c1e57caa
"Lyman Entomological Museum (LEMQ)",10,255092,275319e1-f91c-406f-b239-62cb9d4185cb,"McGill University",https://www.gbif.org/dataset/275319e1-f91c-406f-b239-62cb9d4185cb
"Field Museum of Natural History (Zoology) Invertebrate Collection",212,254268,005eb8d8-ed94-41be-89cf-e3115a9058e4,"Field Museum",https://www.gbif.org/dataset/005eb8d8-ed94-41be-89cf-e3115a9058e4
"Biodiversity Research and Teaching Collections - TCWC Vertebrates",66,250277,b6015b60-6f96-43a9-88e5-2f41854e8f07,"Texas A&M University Biodiversity Research and Teaching Collections",https://www.gbif.org/dataset/b6015b60-6f96-43a9-88e5-2f41854e8f07
"Northern Territory Museum and Art Gallery provider for OZCAM",703,229051,793c3890-6c8a-11de-8226-b8a03c50a862,"Museum and Art Gallery of the Northern Territory",https://www.gbif.org/dataset/793c3890-6c8a-11de-8226-b8a03c50a862
"Planetary Biodiversity Inventory Eumycetozoan Databank",3,223245,85af82a6-f762-11e1-a439-00145eb45e9a,"University of Arkansas",https://www.gbif.org/dataset/85af82a6-f762-11e1-a439-00145eb45e9a
"Field Museum of Natural History (Zoology) Mammal Collection",24,222920,41fc5c40-5e81-496f-9733-6b5681b3b7a5,"Field Museum",https://www.gbif.org/dataset/41fc5c40-5e81-496f-9733-6b5681b3b7a5
"Macaulay Library Audio and Video Collection",508,220286,7f6dd0f7-9ed4-49c0-bb71-b2a9c7fed9f1,"Cornell Lab of Ornithology",https://www.gbif.org/dataset/7f6dd0f7-9ed4-49c0-bb71-b2a9c7fed9f1
"Royal BC Museum - Herbarium (V)",3,218884,2d18c666-ee2b-40a3-a708-280ea19c0fbc,"Royal British Columbia Museum",https://www.gbif.org/dataset/2d18c666-ee2b-40a3-a708-280ea19c0fbc
"SysTax -  Zoological Collections",88,215195,7d8ed137-1d30-42f1-8b78-12a4957e4690,SysTax,https://www.gbif.org/dataset/7d8ed137-1d30-42f1-8b78-12a4957e4690
"Mosses (S)",40,209691,9070a460-0c6e-11dd-84d2-b8a03c50a862,GBIF-Sweden,https://www.gbif.org/dataset/9070a460-0c6e-11dd-84d2-b8a03c50a862
"CM Birds Collection",143,205967,a82d2421-be5a-4779-babc-da0b634a7ba8,"Carnegie Museums",https://www.gbif.org/dataset/a82d2421-be5a-4779-babc-da0b634a7ba8
"CABI Bioscience Fungus Collection",461,205599,8323a4b8-f762-11e1-a439-00145eb45e9a,"CABI (Centre for Agriculture and Biosciences International)",https://www.gbif.org/dataset/8323a4b8-f762-11e1-a439-00145eb45e9a
"Vulnerable marine ecosystems in the South Pacific Ocean region",48,202862,be62fffc-d0e7-45f2-9404-d4bc4322bc57,"The National Institute of Water and Atmospheric Research (NIWA)",https://www.gbif.org/dataset/be62fffc-d0e7-45f2-9404-d4bc4322bc57
"Australian National Insect Collection",5,191799,beed1b50-8c73-11dc-aaed-b8a03c50a862,"Commonwealth Scientific and Industrial Research Organisation",https://www.gbif.org/dataset/beed1b50-8c73-11dc-aaed-b8a03c50a862
"Geneva Herbarium – General Collection (G)",68,188801,f577c9f3-ae71-4278-b6bf-512ba1dfaa21,"Conservatoire et Jardin botaniques de la Ville de Genève - G",https://www.gbif.org/dataset/f577c9f3-ae71-4278-b6bf-512ba1dfaa21
"LACM Entomology Collection",1585,184364,0ec927cf-325a-4d63-9499-d721c734463a,"Natural History Museum of Los Angeles County",https://www.gbif.org/dataset/0ec927cf-325a-4d63-9499-d721c734463a
"LSUMZ Birds Collection",5,180988,84829fe4-f762-11e1-a439-00145eb45e9a,"Louisiana State University Museum of Natural Science",https://www.gbif.org/dataset/84829fe4-f762-11e1-a439-00145eb45e9a
"Hymenoptera specimen database of Kyushu University",1532,173415,279c8d3e-5f97-4fe9-a99b-ef0e4b0441c3,"National Institute of Genetics, ROIS",https://www.gbif.org/dataset/279c8d3e-5f97-4fe9-a99b-ef0e4b0441c3
CONN,11,172098,5288946d-5fcf-4b53-8fd3-74f4cc6b53fc,"University of Connecticut",https://www.gbif.org/dataset/5288946d-5fcf-4b53-8fd3-74f4cc6b53fc
"CM Herps Collection",68,170040,76dd8f0d-2daa-4a69-9fcd-55e04230334a,"Carnegie Museums",https://www.gbif.org/dataset/76dd8f0d-2daa-4a69-9fcd-55e04230334a
"CAS Invertebrate Zoology (IZ)",351,164923,44bcde48-ac71-46f2-bf73-24fc3c008b6c,"California Academy of Sciences",https://www.gbif.org/dataset/44bcde48-ac71-46f2-bf73-24fc3c008b6c
ORN,46,164233,8658262c-f762-11e1-a439-00145eb45e9a,"Academy of Natural Sciences",https://www.gbif.org/dataset/8658262c-f762-11e1-a439-00145eb45e9a
"Marie-Victorin Herbarium (MT) - Plantes vasculaires",12,155863,0348540a-e644-4496-89d3-c257da9ad776,"Université de Montréal Biodiversity Centre",https://www.gbif.org/dataset/0348540a-e644-4496-89d3-c257da9ad776
"Arizona State University Lichen Collection",69,154124,84c0e1a0-f762-11e1-a439-00145eb45e9a,"Arizona State University, Global Institute for Sustainability",https://www.gbif.org/dataset/84c0e1a0-f762-11e1-a439-00145eb45e9a
"Gothenburg Herbarium - General (GBIF:IH:GB:Herbarium)",5,151334,de49c340-0c61-11dd-84ce-b8a03c50a862,GBIF-Sweden,https://www.gbif.org/dataset/de49c340-0c61-11dd-84ce-b8a03c50a862
"Lichen Herbarium Berlin",46,148488,85739778-f762-11e1-a439-00145eb45e9a,"Botanic Garden and Botanical Museum Berlin-Dahlem",https://www.gbif.org/dataset/85739778-f762-11e1-a439-00145eb45e9a
"Invertebrates Collection of the Swedish Museum of Natural History",51,144765,56aa0680-0c60-11dd-84cd-b8a03c50a862,GBIF-Sweden,https://www.gbif.org/dataset/56aa0680-0c60-11dd-84cd-b8a03c50a862
"Questagame weekly feed",38,142585,e3ce628e-9683-4af7-b7a9-47eef785d3bb,Questagame,https://www.gbif.org/dataset/e3ce628e-9683-4af7-b7a9-47eef785d3bb
"Recent Invertebrates Specimens",32,140684,5378e1cf-522d-4469-8776-b709579b4a3e,"Sam Noble Oklahoma Museum of Natural History",https://www.gbif.org/dataset/5378e1cf-522d-4469-8776-b709579b4a3e
"Image Database of Fishes in the Kanagawa Prefectural Museum of Natural History",18,138291,7ae5b4c6-f762-11e1-a439-00145eb45e9a,"National Museum of Nature and Science, Japan",https://www.gbif.org/dataset/7ae5b4c6-f762-11e1-a439-00145eb45e9a
"Occurrence records of southern African aquatic biodiversity",17,136855,1aaec653-c71c-4695-9b6e-0e26214dd817,"The South African Institute for Aquatic Biodiversity",https://www.gbif.org/dataset/1aaec653-c71c-4695-9b6e-0e26214dd817
"Manchester Museum, University of Manchester, Botany Collection",31,134540,4f64e2fc-a84b-49f6-802f-e48f725717d7,"Manchester Museum, The University of Manchester",https://www.gbif.org/dataset/4f64e2fc-a84b-49f6-802f-e48f725717d7
mel,121,131642,5c4a1973-2b2f-4c32-a9c8-65150ef4cf13,"Museo Entomológico de León – MEL",https://www.gbif.org/dataset/5c4a1973-2b2f-4c32-a9c8-65150ef4cf13
"University of New Mexico Herbarium",5,129663,cc09386c-43a4-4a12-8ae4-d25610645250,"University of New Mexico Herbarium (UNM)",https://www.gbif.org/dataset/cc09386c-43a4-4a12-8ae4-d25610645250
"DAV UC Davis Center for Plant Diversity",2,129178,84de00a0-f762-11e1-a439-00145eb45e9a,"University of California, Davis",https://www.gbif.org/dataset/84de00a0-f762-11e1-a439-00145eb45e9a
"University of Vienna, Institute for Botany - Herbarium WU",34,128102,0afba960-be3b-4202-a7de-736ae05aec9e,"University of Vienna, Institute for Botany - Herbarium WU",https://www.gbif.org/dataset/0afba960-be3b-4202-a7de-736ae05aec9e
"BMSM Bailey-Matthews National Shell Museum",886,127830,417f4d21-959b-4773-90a2-c38d1822d873,"Bailey-Matthews National Shell Museum",https://www.gbif.org/dataset/417f4d21-959b-4773-90a2-c38d1822d873
"Mosquito Occurrence Dataset",2,126031,88e38292-f762-11e1-a439-00145eb45e9a,"Walter Reed Biosystematics Unit, Smithsonian Institution",https://www.gbif.org/dataset/88e38292-f762-11e1-a439-00145eb45e9a
"Plant specimens depodited in Osaka Museum of Natural History, Japan",1259,125777,86986958-f762-11e1-a439-00145eb45e9a,"National Museum of Nature and Science, Japan",https://www.gbif.org/dataset/86986958-f762-11e1-a439-00145eb45e9a
"SIO Marine Vertebrate Collection",280,123303,e1a01804-881b-42ae-8f97-1e80f697fd56,"Scripps Institution of Oceanography",https://www.gbif.org/dataset/e1a01804-881b-42ae-8f97-1e80f697fd56
"Plant specimens in the Museum of Nature and Human Activities, Hyogo Prefecture, Japan",1944,121719,8682e420-f762-11e1-a439-00145eb45e9a,"National Museum of Nature and Science, Japan",https://www.gbif.org/dataset/8682e420-f762-11e1-a439-00145eb45e9a
"University of Graz, Institute of Plant Sciences - Herbarium GZU",5,120951,fb8ae15d-e30c-44b4-8f61-0bb0c1d90ff9,"University of Graz, Institute of Plant Sciences",https://www.gbif.org/dataset/fb8ae15d-e30c-44b4-8f61-0bb0c1d90ff9
"Mammalogy Collection - Royal Ontario Museum",70,119382,c5c4a23e-2035-4416-ab64-032d6df52ddb,"Royal Ontario Museum",https://www.gbif.org/dataset/c5c4a23e-2035-4416-ab64-032d6df52ddb
"The digitization of plant specimens of NTU",116259,119366,29d56be4-2b76-4a05-887d-633a3c6a9a83,TELDAP,https://www.gbif.org/dataset/29d56be4-2b76-4a05-887d-633a3c6a9a83
"Coleção Entomológica do Museu Nacional / UFRJ",35,117269,375273af-0137-4d4d-9b0c-3c8b107a808b,"Museu Nacional / UFRJ",https://www.gbif.org/dataset/375273af-0137-4d4d-9b0c-3c8b107a808b
"Michigan State University Herbarium Lichens",24,116417,84797ee6-f762-11e1-a439-00145eb45e9a,"Michigan State University Herbarium",https://www.gbif.org/dataset/84797ee6-f762-11e1-a439-00145eb45e9a
"Field Museum of Natural History (Botany) Bryophyte Collection",51,115756,8a43c2b7-5976-457d-9f35-a232655efdcc,"Field Museum",https://www.gbif.org/dataset/8a43c2b7-5976-457d-9f35-a232655efdcc
"UTA Herpetology",1,114203,8d88898d-a2c4-4616-a1fe-431b9c06b671,"University of Texas-Arlington",https://www.gbif.org/dataset/8d88898d-a2c4-4616-a1fe-431b9c06b671
"The AAU Herbarium Database",3,111529,833db434-f762-11e1-a439-00145eb45e9a,"Herbarium of the University of Aarhus",https://www.gbif.org/dataset/833db434-f762-11e1-a439-00145eb45e9a
"Herbarium Senckenbergianum (FR)",350,111316,966426ce-f762-11e1-a439-00145eb45e9a,Senckenberg,https://www.gbif.org/dataset/966426ce-f762-11e1-a439-00145eb45e9a
"TNHC Herpetology Collection",3,110350,852628c6-f762-11e1-a439-00145eb45e9a,"University of Texas at Austin, Biodiversity Collections",https://www.gbif.org/dataset/852628c6-f762-11e1-a439-00145eb45e9a
"Herps Specimens",2,109176,83713818-f762-11e1-a439-00145eb45e9a,"Illinois Natural History Survey",https://www.gbif.org/dataset/83713818-f762-11e1-a439-00145eb45e9a
"Ornithology Collection Passeriformes - Royal Ontario Museum",46,108856,f6e21753-5129-498f-92bd-73710b0087e3,"Royal Ontario Museum",https://www.gbif.org/dataset/f6e21753-5129-498f-92bd-73710b0087e3
"Fish collection of National Museum of Nature and Science",742,108775,84a1a7e0-f762-11e1-a439-00145eb45e9a,"National Museum of Nature and Science, Japan",https://www.gbif.org/dataset/84a1a7e0-f762-11e1-a439-00145eb45e9a
"North Carolina State University Vascular Plant Herbarium",44,108342,707e1918-0999-4f2f-9ad1-22c0be104861,"North Carolina State University Vascular Plant Herbarium (NCSC)",https://www.gbif.org/dataset/707e1918-0999-4f2f-9ad1-22c0be104861
"MPM Milwaukee Public Museum Herbarium",5,107621,9168f50d-350e-4af1-ba97-17274f1faeaf,"Milwaukee Public Museum",https://www.gbif.org/dataset/9168f50d-350e-4af1-ba97-17274f1faeaf
"Royal Botanic Garden Edinburgh Living Plant Collections (E)",1248,106179,7adf20e0-c955-11de-95c0-b8a03c50a862,"Royal Botanic Garden Edinburgh",https://www.gbif.org/dataset/7adf20e0-c955-11de-95c0-b8a03c50a862
"PlutoF platform reference-based occurrences",1,105004,ca9b1ee0-1302-43a7-b75c-fa46e1f7ab7c,PlutoF,https://www.gbif.org/dataset/ca9b1ee0-1302-43a7-b75c-fa46e1f7ab7c
"University of South Carolina, A. C. Moore Herbarium",2,103139,a92de2e1-647c-43f2-a8b7-ab1c1a6453dd,"University of South Carolina",https://www.gbif.org/dataset/a92de2e1-647c-43f2-a8b7-ab1c1a6453dd
"Ichthyology Collection - Royal Ontario Museum",129,102944,4e5552d1-5eaf-40a3-b48b-01f92da22f17,"Royal Ontario Museum",https://www.gbif.org/dataset/4e5552d1-5eaf-40a3-b48b-01f92da22f17
"Denver Museum of Nature & Science - Entomology",16,102476,552f282a-92a6-4f41-95ef-c6537026fbeb,"Denver Museum of Nature & Science",https://www.gbif.org/dataset/552f282a-92a6-4f41-95ef-c6537026fbeb
"Herbarium Senckenbergianum (FR) - Fungi",1,102000,828a3d8c-f762-11e1-a439-00145eb45e9a,Senckenberg,https://www.gbif.org/dataset/828a3d8c-f762-11e1-a439-00145eb45e9a
"UWBM Ornithology Collection",1,100958,830fd460-f762-11e1-a439-00145eb45e9a,"University of Washington Burke Museum",https://www.gbif.org/dataset/830fd460-f762-11e1-a439-00145eb45e9a
"Zoologische Staatssammlung Muenchen - International Barcode of Life (iBOL) - Barcode of Life Project Specimen Data",2085,99749,f29ab192-5964-40ae-a397-fa48ffdf0661,"Zoologische Staatssammlung München/Staatliche Naturwissenschaftliche Sammlungen Bayerns",https://www.gbif.org/dataset/f29ab192-5964-40ae-a397-fa48ffdf0661
"LSUMZ Herps Collection",181,98523,84786a2e-f762-11e1-a439-00145eb45e9a,"Louisiana State University Museum of Natural Science",https://www.gbif.org/dataset/84786a2e-f762-11e1-a439-00145eb45e9a
"Buffalo Society of Natural Sciences Clinton Herbarium",13,96726,17d312c2-9ab3-4aca-a383-6af5fb79dca0,"Buffalo Society of Nature Science",https://www.gbif.org/dataset/17d312c2-9ab3-4aca-a383-6af5fb79dca0
"Cleveland Museum of Natural History.",10,95811,6c032b27-e4fe-4bc9-8f11-6b5f864910ce,"Museum of Biological Diversity, The Ohio State University",https://www.gbif.org/dataset/6c032b27-e4fe-4bc9-8f11-6b5f864910ce
"Fish specimens of Kagoshima University Museum",1446,94857,80f63c1e-f762-11e1-a439-00145eb45e9a,"National Museum of Nature and Science, Japan",https://www.gbif.org/dataset/80f63c1e-f762-11e1-a439-00145eb45e9a
"Herbarium of Umeå University (UME)",1,93712,905daf20-04fd-11df-8c28-b8a03c50a862,GBIF-Sweden,https://www.gbif.org/dataset/905daf20-04fd-11df-8c28-b8a03c50a862
"UAIC Ichthyological Collection",1,92766,e90a588b-0eed-4077-8a4f-7e61da35b3f8,"University of Alabama Biodiversity and Systematics",https://www.gbif.org/dataset/e90a588b-0eed-4077-8a4f-7e61da35b3f8
"Collection Mammalia SMF",7,92210,9666593a-f762-11e1-a439-00145eb45e9a,Senckenberg,https://www.gbif.org/dataset/9666593a-f762-11e1-a439-00145eb45e9a
"臺灣兩棲類資源調查與教育宣導推廣計畫 Resources survey and education advocacy to promote for Taiwan amphibian resources",91356,91356,2de58bfe-1bf1-4318-97a3-d97efc269a4f,"Taiwan Forestry Bureau",https://www.gbif.org/dataset/2de58bfe-1bf1-4318-97a3-d97efc269a4f
"Taiwan Forestry Research Institute",87279,87279,79ae93e0-a2b8-11de-9f79-b8a03c50a862,TELDAP,https://www.gbif.org/dataset/79ae93e0-a2b8-11de-9f79-b8a03c50a862
"Mollusca specimens of Toyama Science Museum",485,85972,71d7bac8-f762-11e1-a439-00145eb45e9a,"National Museum of Nature and Science, Japan",https://www.gbif.org/dataset/71d7bac8-f762-11e1-a439-00145eb45e9a
"Database of Native Plants in Taiwan",31335,84866,96c33790-a2b5-11de-9f79-b8a03c50a862,TELDAP,https://www.gbif.org/dataset/96c33790-a2b5-11de-9f79-b8a03c50a862
"ALA species sightings and OzAtlas",1,84150,84a649ce-ff81-420d-9c41-aa1de59e3766,"Citizen Science - ALA Website",https://www.gbif.org/dataset/84a649ce-ff81-420d-9c41-aa1de59e3766
"Collection Aves (bird skins) SMF",131,83458,96678e90-f762-11e1-a439-00145eb45e9a,Senckenberg,https://www.gbif.org/dataset/96678e90-f762-11e1-a439-00145eb45e9a
"Field Museum of Natural History (Botany) Pteridophyte Collection",8,80123,9f747cff-839f-4485-83a1-f10317a92a82,"Field Museum",https://www.gbif.org/dataset/9f747cff-839f-4485-83a1-f10317a92a82
"National vegetation diversity inventory and mapping plan",78621,78621,9edd4990-4138-11de-b28f-b8a03c50a862,"Taiwan Biodiversity Information Facility (TaiBIF)",https://www.gbif.org/dataset/9edd4990-4138-11de-b28f-b8a03c50a862
"Fairchild Tropical Botanic Garden Virtual Herbarium Darwin Core format",2,78283,832cb04e-f762-11e1-a439-00145eb45e9a,"Fairchild Tropical Botanic Garden",https://www.gbif.org/dataset/832cb04e-f762-11e1-a439-00145eb45e9a
"CSIC-Real Jardín Botánico-Colección de Hongos (MA-Fungi)",8,77258,85b2fcd8-f762-11e1-a439-00145eb45e9a,"CSIC-Real Jardín Botánico",https://www.gbif.org/dataset/85b2fcd8-f762-11e1-a439-00145eb45e9a
"Fungal Specimens of National Museum of Nature and Science (TNS)",240,76426,96029706-f762-11e1-a439-00145eb45e9a,"National Museum of Nature and Science, Japan",https://www.gbif.org/dataset/96029706-f762-11e1-a439-00145eb45e9a
"DMNH Birds",4,76380,c21cd435-718a-4069-b503-776bf0e22b96,"Delaware Museum of Natural History",https://www.gbif.org/dataset/c21cd435-718a-4069-b503-776bf0e22b96
"SDNHM Herpetology Collection",7,76325,84b4d6e4-f762-11e1-a439-00145eb45e9a,"San Diego Natural History Museum",https://www.gbif.org/dataset/84b4d6e4-f762-11e1-a439-00145eb45e9a
"Colección de Entomología del Instituto Alexander von Humboldt",2,76262,cf8f886b-7289-4d59-9cb1-f2d293147d98,"Instituto de Investigación de Recursos Biológicos Alexander von Humboldt",https://www.gbif.org/dataset/cf8f886b-7289-4d59-9cb1-f2d293147d98
"Collection Arachnology SMF",87,74314,96596036-f762-11e1-a439-00145eb45e9a,Senckenberg,https://www.gbif.org/dataset/96596036-f762-11e1-a439-00145eb45e9a
"Insecta collection of Museum of Natural and Environmental History, Shizuoka",1791,73059,96054000-f762-11e1-a439-00145eb45e9a,"National Museum of Nature and Science, Japan",https://www.gbif.org/dataset/96054000-f762-11e1-a439-00145eb45e9a
"SANT Herbarium vascular plants collection",2,72408,1c334170-7ed1-11df-8c4a-0800200c9a66,"Herbario SANT, Universidade de Santiago de Compostela",https://www.gbif.org/dataset/1c334170-7ed1-11df-8c4a-0800200c9a66
"Bryophyte specimens of National Museum of Nature and Science (TNS)",258,71494,848d312a-f762-11e1-a439-00145eb45e9a,"National Museum of Nature and Science, Japan",https://www.gbif.org/dataset/848d312a-f762-11e1-a439-00145eb45e9a
"Kyushu University Museum Coleoptera Collection",3144,70111,505aa19e-7ba5-48e7-8946-5a90ae9d37e3,"National Institute of Genetics, ROIS",https://www.gbif.org/dataset/505aa19e-7ba5-48e7-8946-5a90ae9d37e3
"Ohio State Acarology Laboratory (OSAL), Ohio State University",101,69846,96b54e8c-f762-11e1-a439-00145eb45e9a,"Museum of Biological Diversity, The Ohio State University",https://www.gbif.org/dataset/96b54e8c-f762-11e1-a439-00145eb45e9a
"ECatSym: Electronic World Catalog of Symphyta",502,69396,bd63a93c-8283-11e2-b873-00145eb45e9a,Senckenberg,https://www.gbif.org/dataset/bd63a93c-8283-11e2-b873-00145eb45e9a
"Ehime University Coleoptera Collection",4752,67112,7d033570-ffe0-4858-97f5-7ae75fb68b0e,"National Institute of Genetics, ROIS",https://www.gbif.org/dataset/7d033570-ffe0-4858-97f5-7ae75fb68b0e
"AUM Fish Collection",11,66983,d499aef2-b1d9-4890-aeb3-5f0d1237b513,"Auburn University Museum DiGIR Provider",https://www.gbif.org/dataset/d499aef2-b1d9-4890-aeb3-5f0d1237b513
"Royal BC Museum - Invertebrates Collection",1,64803,34fbcf59-d9bb-47e7-9672-99e13ea8c736,"Royal British Columbia Museum",https://www.gbif.org/dataset/34fbcf59-d9bb-47e7-9672-99e13ea8c736
"Bird specimens of the Yamashina Institute for Ornithology",4475,64426,53bf6dc4-18f5-11e2-98fb-00145eb45e9a,"National Museum of Nature and Science, Japan",https://www.gbif.org/dataset/53bf6dc4-18f5-11e2-98fb-00145eb45e9a
"Fish Collection of Hokkaido University",250,64010,848ae956-f762-11e1-a439-00145eb45e9a,"National Museum of Nature and Science, Japan",https://www.gbif.org/dataset/848ae956-f762-11e1-a439-00145eb45e9a
"Chinese Institute of Biology - Chinese Academy of Sciences",38,63719,88dc0756-f762-11e1-a439-00145eb45e9a,"Chengdu Institute of Biology, Chinese Academy of Science",https://www.gbif.org/dataset/88dc0756-f762-11e1-a439-00145eb45e9a
"PSM Vertebrates Collection",1,63426,8eddc200-f535-4c65-9b4d-f723eafe607e,"James R. Slater Museum of Natural History",https://www.gbif.org/dataset/8eddc200-f535-4c65-9b4d-f723eafe607e
"Field Museum of Natural History (Botany) Fungi Collection",1,63156,81e6cff2-b409-417e-8c72-e1bbafb7c61f,"Field Museum",https://www.gbif.org/dataset/81e6cff2-b409-417e-8c72-e1bbafb7c61f
"Insect specimens of Iwate Prefectural Museum",844,61499,231c4696-5b2b-4702-b495-2beb86e082e4,"National Museum of Nature and Science, Japan",https://www.gbif.org/dataset/231c4696-5b2b-4702-b495-2beb86e082e4
"Ornithology Collection Non Passeriformes - Royal Ontario Museum",34,61258,136560fa-9eb9-492f-866e-5bd110c52f74,"Royal Ontario Museum",https://www.gbif.org/dataset/136560fa-9eb9-492f-866e-5bd110c52f74
"Geneva Herbarium – De Candolle's Prodromus (G-DC)",5,60102,63e9e22d-a649-4087-b39e-acb1651af077,"Conservatoire et Jardin botaniques de la Ville de Genève - G",https://www.gbif.org/dataset/63e9e22d-a649-4087-b39e-acb1651af077
"Polish gene bank – passport data of plants accessions which are important in human life",1,59828,9368f520-0e2d-11de-b8e6-b8a03c50a862,"Plant Breeding and Acclimatization Institute (IHAR) - National Research Institute",https://www.gbif.org/dataset/9368f520-0e2d-11de-b8e6-b8a03c50a862
"Zoological Museum Amsterdam, University of Amsterdam (NL) - Lepidoptera_Nymphalidae_Palearctic",1,57928,562cf940-6166-11de-84bf-b8a03c50a862,"Naturalis Biodiversity Center",https://www.gbif.org/dataset/562cf940-6166-11de-84bf-b8a03c50a862
"Bird Observation Data",57245,57245,76819780-989f-11de-b4d9-b8a03c50a862,"Taiwan Biodiversity Information Facility (TaiBIF)",https://www.gbif.org/dataset/76819780-989f-11de-b4d9-b8a03c50a862
"UAZ Herpetology Collection",1,57145,96c25708-f762-11e1-a439-00145eb45e9a,"University of Arizona Museum of Natural History",https://www.gbif.org/dataset/96c25708-f762-11e1-a439-00145eb45e9a
"Field Museum of Natural History (Botany) Lichen Collection",3,56900,aec6d756-3aa8-465e-83fd-4f6ee83e693e,"Field Museum",https://www.gbif.org/dataset/aec6d756-3aa8-465e-83fd-4f6ee83e693e
"CUMV Bird Collection",33,56800,f96a6f8c-b992-4159-8039-db8f30bac985,"Cornell University Museum of Vertebrates",https://www.gbif.org/dataset/f96a6f8c-b992-4159-8039-db8f30bac985
"Waite Insect and Nematode Collection",10,56490,2a796d4b-d12f-4806-876a-4fbb5e0a63ca,"University of Adelaide",https://www.gbif.org/dataset/2a796d4b-d12f-4806-876a-4fbb5e0a63ca
"Condon Fossil Collection",45,56029,bda5b6f2-a910-48c7-8dce-6aa24ae96470,"Museum of Natural and Cultural History - University of Oregon",https://www.gbif.org/dataset/bda5b6f2-a910-48c7-8dce-6aa24ae96470
"Vertebrates of the Gothenburg Natural History Museum (GNM)",4,55816,ed3dff78-fb73-4b77-909a-b78f9ef78d34,"Gothenburg Natural History Museum (GNM)",https://www.gbif.org/dataset/ed3dff78-fb73-4b77-909a-b78f9ef78d34
"Collection Mollusca SMF",269,54566,965bbbd8-f762-11e1-a439-00145eb45e9a,Senckenberg,https://www.gbif.org/dataset/965bbbd8-f762-11e1-a439-00145eb45e9a
"SysTax - Herbaria",28,53209,f4419c70-614f-11e2-897a-00145eb45e9a,SysTax,https://www.gbif.org/dataset/f4419c70-614f-11e2-897a-00145eb45e9a
"Fisheries Research Laboratory, Mie University",128,53004,8498cbf2-f762-11e1-a439-00145eb45e9a,"National Museum of Nature and Science, Japan",https://www.gbif.org/dataset/8498cbf2-f762-11e1-a439-00145eb45e9a
"Ouellet-Robert entomological collection (QMOR)",17,50895,ada5d0b1-07de-4dc0-83d4-e312f0fb81cb,"Université de Montréal Biodiversity Centre",https://www.gbif.org/dataset/ada5d0b1-07de-4dc0-83d4-e312f0fb81cb
"CZE National PGR Inventory",11,50682,e17d9bdc-dc88-401a-bb10-6ef560448480,"Crop Research Institute (CRI)",https://www.gbif.org/dataset/e17d9bdc-dc88-401a-bb10-6ef560448480
"CRCM Vertebrate Collection",3,50407,3a339645-d3b4-40aa-b891-f9c92dc554d8,"Charles R. Conner Museum",https://www.gbif.org/dataset/3a339645-d3b4-40aa-b891-f9c92dc554d8
"Insect specimens of Kashihara City Museum of Insect",91,50216,8491c136-f762-11e1-a439-00145eb45e9a,"National Museum of Nature and Science, Japan",https://www.gbif.org/dataset/8491c136-f762-11e1-a439-00145eb45e9a
"Insect specimen database of Kanagawa Prefectural Museum of Natural History",26,50154,44191d2e-e05c-46fd-a167-3e97bcccf915,"National Museum of Nature and Science, Japan",https://www.gbif.org/dataset/44191d2e-e05c-46fd-a167-3e97bcccf915
"Fungal Biodiversity Centre (CBS) - Fungi strains",246,49459,82dc5194-f762-11e1-a439-00145eb45e9a,"CBS Fungal Biodiversity Centre",https://www.gbif.org/dataset/82dc5194-f762-11e1-a439-00145eb45e9a
"SDNHM Birds Collection",1,49262,84b26828-f762-11e1-a439-00145eb45e9a,"San Diego Natural History Museum",https://www.gbif.org/dataset/84b26828-f762-11e1-a439-00145eb45e9a
"Museu de Ciències Naturals de Barcelona: MCNB-Art",3,48785,7a498826-f762-11e1-a439-00145eb45e9a,"Museu de Ciències Naturals de Barcelona",https://www.gbif.org/dataset/7a498826-f762-11e1-a439-00145eb45e9a
"Herpetology Collection - Royal Ontario Museum",1,47670,cd875b5a-b3fe-48f2-94c7-371cab1431f3,"Royal Ontario Museum",https://www.gbif.org/dataset/cd875b5a-b3fe-48f2-94c7-371cab1431f3
"Fish specimen database of Osaka Museum of Natural History",19,47502,849f0a76-f762-11e1-a439-00145eb45e9a,"National Museum of Nature and Science, Japan",https://www.gbif.org/dataset/849f0a76-f762-11e1-a439-00145eb45e9a
"Hymenoptera collection of National Museum of Nature and Science",6,46456,b63a7193-0c48-4648-a728-086157f26373,"National Museum of Nature and Science, Japan",https://www.gbif.org/dataset/b63a7193-0c48-4648-a728-086157f26373
"The Taiwan Roadkill Observation Network Data Set.",44989,46416,db09684b-0fd1-431e-b5fa-4c1532fbdb14,"Taiwan Endemic Species Research Institute",https://www.gbif.org/dataset/db09684b-0fd1-431e-b5fa-4c1532fbdb14
"Insect specimens in the Museum of Nature and Human Activities, Hyogo Prefecture, Japan",17,45811,8684bbe2-f762-11e1-a439-00145eb45e9a,"National Museum of Nature and Science, Japan",https://www.gbif.org/dataset/8684bbe2-f762-11e1-a439-00145eb45e9a
"Insect Collection of Natural History Museum and Institute, Chiba",20,45384,95fd949a-f762-11e1-a439-00145eb45e9a,"National Museum of Nature and Science, Japan",https://www.gbif.org/dataset/95fd949a-f762-11e1-a439-00145eb45e9a
"Collection Malakologie - SNSD",9,45297,8291593c-f762-11e1-a439-00145eb45e9a,Senckenberg,https://www.gbif.org/dataset/8291593c-f762-11e1-a439-00145eb45e9a
"Collection Herpetology SMF",29,44530,9661bc40-f762-11e1-a439-00145eb45e9a,Senckenberg,https://www.gbif.org/dataset/9661bc40-f762-11e1-a439-00145eb45e9a
"Mammals housed at MHNG, Geneva",15,43857,5a659248-1f70-11e3-b2c5-00145eb45e9a,"Muséum d'histoire naturelle de la Ville de Genève - MHNG",https://www.gbif.org/dataset/5a659248-1f70-11e3-b2c5-00145eb45e9a
"CSIRO Ichthyology provider for OZCAM",58,42637,18c93d12-34fb-4d3f-903c-b77215a1dcc9,"Commonwealth Scientific and Industrial Research Organisation",https://www.gbif.org/dataset/18c93d12-34fb-4d3f-903c-b77215a1dcc9
"Bird Collection of Museum and Institute of Zoology PAS",9,42570,fdf5cc60-9fcc-11da-a90c-b8a03c50a862,"Museum and Institute of Zoology, Polish Academy of Sciences",https://www.gbif.org/dataset/fdf5cc60-9fcc-11da-a90c-b8a03c50a862
"Collection Crustacea SMF",132,42556,9668b676-f762-11e1-a439-00145eb45e9a,Senckenberg,https://www.gbif.org/dataset/9668b676-f762-11e1-a439-00145eb45e9a
"Lepidoptera collection of National Museum of Nature and Science",384,41646,6c4f18a9-1bb7-401b-902c-037d0ab6bb2a,"National Museum of Nature and Science, Japan",https://www.gbif.org/dataset/6c4f18a9-1bb7-401b-902c-037d0ab6bb2a
"Herbarium (UNA)",6,41460,84f9770e-f762-11e1-a439-00145eb45e9a,"University of Alabama Biodiversity and Systematics",https://www.gbif.org/dataset/84f9770e-f762-11e1-a439-00145eb45e9a
"Naturkundemuseum im Ottoneum Kassel, Entomological Collection",2,40926,816e9038-f762-11e1-a439-00145eb45e9a,"Naturkundemuseum im Ottoneum Kassel",https://www.gbif.org/dataset/816e9038-f762-11e1-a439-00145eb45e9a
"MEXU/Colección de Briofitas",6,40472,85042096-f762-11e1-a439-00145eb45e9a,"UNIBIO, IBUNAM",https://www.gbif.org/dataset/85042096-f762-11e1-a439-00145eb45e9a
"LSU Shirley C. Tucker Herbarium at Louisiana State University - Lichens",1,40281,de4500ba-fe61-4a51-a0c6-e01c3016c6eb,"Louisiana State University Herbarium",https://www.gbif.org/dataset/de4500ba-fe61-4a51-a0c6-e01c3016c6eb
"(Table T1) Miocene planktonic foraminiferal stratigraphy of ODP Hole 184-1148A",40260,40260,76821fef-6181-447a-bf7d-33e690be9134,"PANGAEA - Publishing Network for Geoscientific and Environmental Data",https://www.gbif.org/dataset/76821fef-6181-447a-bf7d-33e690be9134
"Fish Collection of Kanagawa Prefectural Museum of Natural History",7,39700,86172abe-f762-11e1-a439-00145eb45e9a,"National Museum of Nature and Science, Japan",https://www.gbif.org/dataset/86172abe-f762-11e1-a439-00145eb45e9a
"LSUMZ Mammals Collection",1,39183,847e2306-f762-11e1-a439-00145eb45e9a,"Louisiana State University Museum of Natural Science",https://www.gbif.org/dataset/847e2306-f762-11e1-a439-00145eb45e9a
"Insectarium de Montréal (IMQC)",4,39114,3484c814-c0f1-453c-8501-50d4846c4ba6,"Insectarium de Montréal",https://www.gbif.org/dataset/3484c814-c0f1-453c-8501-50d4846c4ba6
"Pteridophyta collection of Museum of Natural and Environmental History, Shizuoka",1,38876,810bbd3c-f762-11e1-a439-00145eb45e9a,"National Museum of Nature and Science, Japan",https://www.gbif.org/dataset/810bbd3c-f762-11e1-a439-00145eb45e9a
"Herbarium Hamburgense",3,38536,85c8e444-f762-11e1-a439-00145eb45e9a,"Herbarium Hamburgense",https://www.gbif.org/dataset/85c8e444-f762-11e1-a439-00145eb45e9a
"La colección briológica del Herbario Nacional (MEXU). Actualización 2000",6,35897,27ba04cd-45b9-4f5c-b032-d1bcc584fbdd,"Comisión nacional para el conocimiento y uso de la biodiversidad",https://www.gbif.org/dataset/27ba04cd-45b9-4f5c-b032-d1bcc584fbdd
"Mollusca collection of National Museum of Nature and Science",482,35865,0991f9af-8ff9-4e34-a8b9-990bb522dc0c,"National Museum of Nature and Science, Japan",https://www.gbif.org/dataset/0991f9af-8ff9-4e34-a8b9-990bb522dc0c
"NIAES Coleoptera Specimen Database",632,35559,cfbe2e7b-6e3f-4b40-96f9-07bc23a3f822,"National Institute of Genetics, ROIS",https://www.gbif.org/dataset/cfbe2e7b-6e3f-4b40-96f9-07bc23a3f822
Herpetology,26,35548,86594bf6-f762-11e1-a439-00145eb45e9a,"Academy of Natural Sciences",https://www.gbif.org/dataset/86594bf6-f762-11e1-a439-00145eb45e9a
"NMSA: Arthropod Collections (1900-2012)",9,35517,aa4916c3-3dc7-4c90-9f8e-b81d986df153,"South African National Biodiversity Institute",https://www.gbif.org/dataset/aa4916c3-3dc7-4c90-9f8e-b81d986df153
"Bryophyte herbarium, Göttingen (GOET)",250,35044,cce04086-6c7c-11e2-90ce-00145eb45e9a,"Georg-August-Universität Göttingen, Albrecht-von-Haller-Institut für Pflanzenwissenschaften, Abteilung Systematische Botanik",https://www.gbif.org/dataset/cce04086-6c7c-11e2-90ce-00145eb45e9a
"CMNH Birds Collection",4,33144,f93694b5-e994-4c07-a95f-90b14d5cf5e7,"Cleveland Museum of Natural History",https://www.gbif.org/dataset/f93694b5-e994-4c07-a95f-90b14d5cf5e7
"Paleontological Research Institution Collections",7,32991,f5783452-6ff5-4bef-8f30-9adfeba81bd7,"Paleontological Research Institution",https://www.gbif.org/dataset/f5783452-6ff5-4bef-8f30-9adfeba81bd7
"TSB Lichen Herbarium",1,32606,859c6946-f762-11e1-a439-00145eb45e9a,"Dept. Of Biology, University of Trieste",https://www.gbif.org/dataset/859c6946-f762-11e1-a439-00145eb45e9a
"Collection Bryozoa SMF",63,32508,966c9070-f762-11e1-a439-00145eb45e9a,Senckenberg,https://www.gbif.org/dataset/966c9070-f762-11e1-a439-00145eb45e9a
"The Brown University Foraminiferal Data Base (BFD)",26,31907,68efc55e-f762-11e1-a439-00145eb45e9a,"PANGAEA - Publishing Network for Geoscientific and Environmental Data",https://www.gbif.org/dataset/68efc55e-f762-11e1-a439-00145eb45e9a
"International Fossil Shell Museum (NL) - Mollusca Collection",38,31251,fa87d03e-4959-451d-865f-ff03bb798339,"International Fossil Shell Museum",https://www.gbif.org/dataset/fa87d03e-4959-451d-865f-ff03bb798339
"National Museum of Natural Science",31020,31020,fb93fb10-f1ca-11dd-b2d4-b8a03c50a862,TELDAP,https://www.gbif.org/dataset/fb93fb10-f1ca-11dd-b2d4-b8a03c50a862
"NCSM Mollusks Collection",2,30797,51c49096-dc31-4077-b35c-4510a8ee1ee8,"North Carolina State Museum of Natural Sciences",https://www.gbif.org/dataset/51c49096-dc31-4077-b35c-4510a8ee1ee8
"Arizona State University Amphibian and Reptile Collection",9,30302,84bfc46e-f762-11e1-a439-00145eb45e9a,"Arizona State University, Global Institute for Sustainability",https://www.gbif.org/dataset/84bfc46e-f762-11e1-a439-00145eb45e9a
"Collection Crustacea - ZMB",33,30069,7b84c0a2-f762-11e1-a439-00145eb45e9a,Senckenberg,https://www.gbif.org/dataset/7b84c0a2-f762-11e1-a439-00145eb45e9a
"Lepidoptera specimen database of Japan",1414,30008,78f2723d-c757-42b6-9da0-19d0a53c738a,"National Institute of Genetics, ROIS",https://www.gbif.org/dataset/78f2723d-c757-42b6-9da0-19d0a53c738a
"Collection Ichthyologie - SNSD",6,30005,829277c2-f762-11e1-a439-00145eb45e9a,Senckenberg,https://www.gbif.org/dataset/829277c2-f762-11e1-a439-00145eb45e9a
"Museu de Ciències Naturals de Barcelona: MCNB-Cord",1,29221,71d58564-f762-11e1-a439-00145eb45e9a,"Museu de Ciències Naturals de Barcelona",https://www.gbif.org/dataset/71d58564-f762-11e1-a439-00145eb45e9a
"ARC-PPRI: National Collection of Nematodes and South African Plant-Parasitic Nematode Survey(1901-2014)",7,29137,5edbfe13-c150-43d3-ac38-729b6aeb6147,"South African National Biodiversity Institute",https://www.gbif.org/dataset/5edbfe13-c150-43d3-ac38-729b6aeb6147
"Computarización de la Colección Nacional de insectos Dr. Alfredo Barrera Marín del Museo de Historia Natural de la Ciudad de México",1,29002,7fb208ec-f762-11e1-a439-00145eb45e9a,"Comisión nacional para el conocimiento y uso de la biodiversidad",https://www.gbif.org/dataset/7fb208ec-f762-11e1-a439-00145eb45e9a
"IndOBIS, Indian Ocean Node of OBIS",29,28647,8598edb6-f762-11e1-a439-00145eb45e9a,"National Chemical Laboratory",https://www.gbif.org/dataset/8598edb6-f762-11e1-a439-00145eb45e9a
"Marine invertabrate(Mollusca) specimen database of Osaka Museum of Natural History",126,28628,8696eec0-f762-11e1-a439-00145eb45e9a,"National Museum of Nature and Science, Japan",https://www.gbif.org/dataset/8696eec0-f762-11e1-a439-00145eb45e9a
"Collection Vermes - ZMB",18,28621,7b8964ea-f762-11e1-a439-00145eb45e9a,Senckenberg,https://www.gbif.org/dataset/7b8964ea-f762-11e1-a439-00145eb45e9a
"Collection Pisces SMF",16,28339,96582dc4-f762-11e1-a439-00145eb45e9a,Senckenberg,https://www.gbif.org/dataset/96582dc4-f762-11e1-a439-00145eb45e9a
"Staatliches Museum für Naturkunde Stuttgart, Herbarium",9,27351,85771146-f762-11e1-a439-00145eb45e9a,"Botanic Garden and Botanical Museum Berlin-Dahlem",https://www.gbif.org/dataset/85771146-f762-11e1-a439-00145eb45e9a
"Hemiptera (Heteroptera) collection of National Museum of Nature and Science",5232,26918,4560023d-c8cb-42d2-bfa5-2fa893f9175c,"National Museum of Nature and Science, Japan",https://www.gbif.org/dataset/4560023d-c8cb-42d2-bfa5-2fa893f9175c
"MSUM Ichthyology and Herpetology Collections",1,26841,847bbbde-f762-11e1-a439-00145eb45e9a,"Michigan State University Museum",https://www.gbif.org/dataset/847bbbde-f762-11e1-a439-00145eb45e9a
"Harold W. Manter Laboratory of Parasitology Collection",1,26111,8117733e-f762-11e1-a439-00145eb45e9a,Arctos,https://www.gbif.org/dataset/8117733e-f762-11e1-a439-00145eb45e9a
"CSIC-Real Jardín Botánico-Colección de Musgos (MA-Musci)",12,25140,8346c3a8-f762-11e1-a439-00145eb45e9a,"CSIC-Real Jardín Botánico",https://www.gbif.org/dataset/8346c3a8-f762-11e1-a439-00145eb45e9a
"CABI Bioscience Genetic Resource Collection",66,24958,832282e0-f762-11e1-a439-00145eb45e9a,"CABI (Centre for Agriculture and Biosciences International)",https://www.gbif.org/dataset/832282e0-f762-11e1-a439-00145eb45e9a
"The Fish Database of Taiwan",22191,24955,b7dd8170-98a0-11de-b4d9-b8a03c50a862,TELDAP,https://www.gbif.org/dataset/b7dd8170-98a0-11de-b4d9-b8a03c50a862
"Jardin botanique de Montréal (JBM)",2,24583,7a7244fc-13b9-43ee-93c9-0d5c4457a86a,"Jardin Botanique de Montréal",https://www.gbif.org/dataset/7a7244fc-13b9-43ee-93c9-0d5c4457a86a
"Insect specimens of Ryukyu University Museum (Fujukan)",62,24333,956c26d2-d114-421f-bf02-e9088a805a74,"National Museum of Nature and Science, Japan",https://www.gbif.org/dataset/956c26d2-d114-421f-bf02-e9088a805a74
"Molluscus specimens of Toyohashi Museum of Natural History",677,23774,810e15d2-f762-11e1-a439-00145eb45e9a,"National Museum of Nature and Science, Japan",https://www.gbif.org/dataset/810e15d2-f762-11e1-a439-00145eb45e9a
"ARC-PPRI: National Collection Of Fungi(1817-2009)",12,22811,c5843752-6eae-4869-ba5c-b5fe0996cfca,"South African National Biodiversity Institute",https://www.gbif.org/dataset/c5843752-6eae-4869-ba5c-b5fe0996cfca
"University of Tennessee at Chattanooga",5,22785,b65c0886-3c24-4ead-a93a-b89d2a676b10,"University of Tennessee - Chattanooga (UTC)",https://www.gbif.org/dataset/b65c0886-3c24-4ead-a93a-b89d2a676b10
"CUMV Mammal Collection",2,22551,35720b3e-aded-4b83-b4f1-967f1d457d6a,"Cornell University Museum of Vertebrates",https://www.gbif.org/dataset/35720b3e-aded-4b83-b4f1-967f1d457d6a
"DSMZ Prokarya Collection Catalogue",163,22227,863efcc4-f762-11e1-a439-00145eb45e9a,"Leibniz Institute DSMZ - German Collection of Microorganisms and Cell Cultures",https://www.gbif.org/dataset/863efcc4-f762-11e1-a439-00145eb45e9a
"Global compendium of Aedes albopictus occurrence",15336,22137,33614778-513a-4ec0-814d-125021cca5fe,"Institute of Biodiversity, Animal Health and Comparative Medicine, College of Medical, Veterinary and Life Sciences, University of Glasgow",https://www.gbif.org/dataset/33614778-513a-4ec0-814d-125021cca5fe
"FBIP:ELM: Malacology Collections",100,21898,85487457-e02f-4dee-95ea-8dc0d220c52d,"South African National Biodiversity Institute",https://www.gbif.org/dataset/85487457-e02f-4dee-95ea-8dc0d220c52d
"Osaka Prefectural Minoh Park Insects Museum",89,21678,8499f554-f762-11e1-a439-00145eb45e9a,"National Museum of Nature and Science, Japan",https://www.gbif.org/dataset/8499f554-f762-11e1-a439-00145eb45e9a
"Molluscan specimen database of Kanagawa Prefectural Museum of Natural History",66,21000,95eff7ea-f762-11e1-a439-00145eb45e9a,"National Museum of Nature and Science, Japan",https://www.gbif.org/dataset/95eff7ea-f762-11e1-a439-00145eb45e9a
pins,1,20755,ff01c14e-06ce-47b6-8ea0-316cfb8fcff7,"IRD - Institute of Research for Development",https://www.gbif.org/dataset/ff01c14e-06ce-47b6-8ea0-316cfb8fcff7
"Global compendium of Aedes aegypti occurrence",9501,19929,d4eb19bc-fdce-415f-9a61-49b036009840,"Institute of Biodiversity, Animal Health and Comparative Medicine, College of Medical, Veterinary and Life Sciences, University of Glasgow",https://www.gbif.org/dataset/d4eb19bc-fdce-415f-9a61-49b036009840
"Insect specimens of Himeji City Science Museum",566,19866,10a9ffed-8062-454b-bd7e-9c36b4006728,"National Museum of Nature and Science, Japan",https://www.gbif.org/dataset/10a9ffed-8062-454b-bd7e-9c36b4006728
"Collection Aves (bird skeletons) SMF",12,19862,96653d3e-f762-11e1-a439-00145eb45e9a,Senckenberg,https://www.gbif.org/dataset/96653d3e-f762-11e1-a439-00145eb45e9a
"LSUMZ Herp Tissues",48,19733,807747cb-d128-4029-af64-9f4ba53c4285,"Louisiana State University Museum of Natural Science",https://www.gbif.org/dataset/807747cb-d128-4029-af64-9f4ba53c4285
"Collection Thysanoptera SMF",14,19645,96703220-f762-11e1-a439-00145eb45e9a,Senckenberg,https://www.gbif.org/dataset/96703220-f762-11e1-a439-00145eb45e9a
"Oregon State Ichthyology Collection",2,19425,b8ed9b7c-5b73-4e6d-a6e1-b0911a09f947,"Oregon State University",https://www.gbif.org/dataset/b8ed9b7c-5b73-4e6d-a6e1-b0911a09f947
"FBIP:IZIKO-UCT:Historical Survey (1930-1980)",6,19198,2429f28c-dc43-40e7-92f6-49206e0729fb,"South African National Biodiversity Institute",https://www.gbif.org/dataset/2429f28c-dc43-40e7-92f6-49206e0729fb
"Herbarium Specimens of Bonin and Ryukyu Islands",9,18959,c4c03087-8d21-48ac-ae64-8ef7cbb9eeb6,"National Institute of Genetics, ROIS",https://www.gbif.org/dataset/c4c03087-8d21-48ac-ae64-8ef7cbb9eeb6
"Crustacean collection of the National Museum of Nature and Science",52,18924,44e8b95a-1850-4507-8fa0-a3a07f5dd936,"National Museum of Nature and Science, Japan",https://www.gbif.org/dataset/44e8b95a-1850-4507-8fa0-a3a07f5dd936
"UCBG TAPIR Provider",147,18900,51b92d4e-556f-4a05-bc5c-bfe982ee1156,"Berkeley Natural History Museums",https://www.gbif.org/dataset/51b92d4e-556f-4a05-bc5c-bfe982ee1156
"Museo Nacional de Ciencias Naturales, Colección de Malacología: MNCN-Malac",15,18856,8386db32-f762-11e1-a439-00145eb45e9a,"Spanish National Museum of Natural Sciences (CSIC)",https://www.gbif.org/dataset/8386db32-f762-11e1-a439-00145eb45e9a
"Cercle des mycologues de Montréal Fungarium (CMMF)",1,18567,21705170-d2b6-42de-8904-c3bca4b83591,"Université de Montréal Biodiversity Centre",https://www.gbif.org/dataset/21705170-d2b6-42de-8904-c3bca4b83591
"Collection Polychaeta SMF",1,18524,965e401a-f762-11e1-a439-00145eb45e9a,Senckenberg,https://www.gbif.org/dataset/965e401a-f762-11e1-a439-00145eb45e9a
"Hokkaido University Coleoptera Collection",353,18354,c9c4b765-59ed-4e7b-bbb8-9205f66f288c,"National Institute of Genetics, ROIS",https://www.gbif.org/dataset/c9c4b765-59ed-4e7b-bbb8-9205f66f288c
"UAZ Bird Collection",2,18120,96c383a8-f762-11e1-a439-00145eb45e9a,"University of Arizona Museum of Natural History",https://www.gbif.org/dataset/96c383a8-f762-11e1-a439-00145eb45e9a
"Fish Collection of Yokosuka City Museum",53,18058,84899ff6-f762-11e1-a439-00145eb45e9a,"National Museum of Nature and Science, Japan",https://www.gbif.org/dataset/84899ff6-f762-11e1-a439-00145eb45e9a
"Endemic Species Research Institute–Herbarium",15408,17715,bc76c690-60a3-11de-a447-b8a03c50a862,TELDAP,https://www.gbif.org/dataset/bc76c690-60a3-11de-a447-b8a03c50a862
"LSUMZ (LSU MNS) Fishes Collection",448,17672,8a1073ce-54a4-4712-89a6-e14d82836d9e,"Louisiana State University Museum of Natural Science",https://www.gbif.org/dataset/8a1073ce-54a4-4712-89a6-e14d82836d9e
"DORSA - German Orthoptera Collections",75,17485,8ea44a78-c6af-11e2-9b88-00145eb45e9a,SysTax,https://www.gbif.org/dataset/8ea44a78-c6af-11e2-9b88-00145eb45e9a
"Collection Herpetologie - SNSD",25,17206,8286cf26-f762-11e1-a439-00145eb45e9a,Senckenberg,https://www.gbif.org/dataset/8286cf26-f762-11e1-a439-00145eb45e9a
"Crustacean specimen database of Kanagawa Prefectural Museum of Natural History",42,17000,95fed08a-f762-11e1-a439-00145eb45e9a,"National Museum of Nature and Science, Japan",https://www.gbif.org/dataset/95fed08a-f762-11e1-a439-00145eb45e9a
"Genebank, National Institute of Agrobiological Sciences",5,16809,ad10d89e-868d-4b9e-ab4e-96e35b19a309,"National Institute of Genetics, ROIS",https://www.gbif.org/dataset/ad10d89e-868d-4b9e-ab4e-96e35b19a309
"Shellfish specimens of the Nishinomiya Shell Museum, Japan",1051,16522,81287cb0-f762-11e1-a439-00145eb45e9a,"National Museum of Nature and Science, Japan",https://www.gbif.org/dataset/81287cb0-f762-11e1-a439-00145eb45e9a
"Fungi specimen database of Kanagawa Prefectural Museum of Natural History",93,16289,96001198-f762-11e1-a439-00145eb45e9a,"National Museum of Nature and Science, Japan",https://www.gbif.org/dataset/96001198-f762-11e1-a439-00145eb45e9a
"Hemiptera (Homoptera) collection of National Museum of Nature and Science",998,16246,c81d08e2-e648-4ffc-aec9-35ca10e570bb,"National Museum of Nature and Science, Japan",https://www.gbif.org/dataset/c81d08e2-e648-4ffc-aec9-35ca10e570bb
"The Suguru Igarashi Insect Collection (Lepidoptera: Papilionidae & Pieridae) of The University Museum, The University of Tokyo",807,16052,508263bf-7557-40d4-b839-59d125ceca5b,"National Museum of Nature and Science, Japan",https://www.gbif.org/dataset/508263bf-7557-40d4-b839-59d125ceca5b
"Algae (S)",2,15953,40d2de00-0c6e-11dd-84d2-b8a03c50a862,GBIF-Sweden,https://www.gbif.org/dataset/40d2de00-0c6e-11dd-84d2-b8a03c50a862
"Amphibians and Reptiles collection at the Natural History Museum of Denmark (SNM)",26,15835,cb643105-2e6b-403d-a23b-2c8128d1f97c,"Zoological Museum, Natural History Museum of Denmark",https://www.gbif.org/dataset/cb643105-2e6b-403d-a23b-2c8128d1f97c
"Gunma Museum of Natural History, Insect Specimen",278,15752,95f74c02-f762-11e1-a439-00145eb45e9a,"National Museum of Nature and Science, Japan",https://www.gbif.org/dataset/95f74c02-f762-11e1-a439-00145eb45e9a
"Bird Specimens in the Museum of Nature and Human Activities, Hyogo, Japan",1721,15382,71db3522-f762-11e1-a439-00145eb45e9a,"National Museum of Nature and Science, Japan",https://www.gbif.org/dataset/71db3522-f762-11e1-a439-00145eb45e9a
"Itami City Museum of Insects",207,15319,8699eba2-f762-11e1-a439-00145eb45e9a,"National Museum of Nature and Science, Japan",https://www.gbif.org/dataset/8699eba2-f762-11e1-a439-00145eb45e9a
"Appalachian State University, I. W. Carpenter, Jr. Herbarium",2,15110,7d9be62e-5c69-4537-8559-a851e16118f0,"Appalachian State University",https://www.gbif.org/dataset/7d9be62e-5c69-4537-8559-a851e16118f0
"Mollusca specimens of Okinawa Prefectural Museum & Art Museum",330,14866,0ac88789-10f8-4a09-9f08-675043501d50,"National Museum of Nature and Science, Japan",https://www.gbif.org/dataset/0ac88789-10f8-4a09-9f08-675043501d50
"Coleoptera collection of National Museum of Nature and Science",2120,14845,b08b5ce4-b157-4fa5-b904-afa1ac982e1a,"National Museum of Nature and Science, Japan",https://www.gbif.org/dataset/b08b5ce4-b157-4fa5-b904-afa1ac982e1a
"Parasitic Platyhelminthes Collections",1,14830,82bb6da8-f762-11e1-a439-00145eb45e9a,"Muséum d'histoire naturelle de la Ville de Genève - MHNG",https://www.gbif.org/dataset/82bb6da8-f762-11e1-a439-00145eb45e9a
"Collection Coleoptera SMF",14,14594,9669ebc2-f762-11e1-a439-00145eb45e9a,Senckenberg,https://www.gbif.org/dataset/9669ebc2-f762-11e1-a439-00145eb45e9a
"Biological Reference Collections ICM CSIC",84,14573,1d743188-1e65-4d99-a814-fa3fd51f1490,"Institute of Marine Sciences (ICM-CSIC)",https://www.gbif.org/dataset/1d743188-1e65-4d99-a814-fa3fd51f1490
"Entomology at ZMUC, Natural History Musem of Denmark",3,14473,e0459621-92c2-40ac-9934-72b3b1384dc3,"Zoological Museum, Natural History Museum of Denmark",https://www.gbif.org/dataset/e0459621-92c2-40ac-9934-72b3b1384dc3
"Bird collection of National Museum of Nature and Science",365,14339,84a2fe56-f762-11e1-a439-00145eb45e9a,"National Museum of Nature and Science, Japan",https://www.gbif.org/dataset/84a2fe56-f762-11e1-a439-00145eb45e9a
"Composition of planktonic foraminifera species in 1123 surface sediment samples compared with sea surface temperatures from the Levitus Atlas",47,14192,87220b2c-f762-11e1-a439-00145eb45e9a,"PANGAEA - Publishing Network for Geoscientific and Environmental Data",https://www.gbif.org/dataset/87220b2c-f762-11e1-a439-00145eb45e9a
"Biological Resource Center, Department of Biotechnology, National Institute of Technology and Evaluation",24,14172,5349d319-972f-47ad-b90c-6ec8a995d69d,"National Institute of Genetics, ROIS",https://www.gbif.org/dataset/5349d319-972f-47ad-b90c-6ec8a995d69d
"Fish Collection of Natural History Museum and Institute, Chiba",46,14095,85b8ed3c-f762-11e1-a439-00145eb45e9a,"National Museum of Nature and Science, Japan",https://www.gbif.org/dataset/85b8ed3c-f762-11e1-a439-00145eb45e9a
"HZI (GBF) Reichenbach Collection of Myxobacteria",244,13979,6d837ace-1934-492b-bbfa-b3ef4a01f007,"Leibniz Institute DSMZ - German Collection of Microorganisms and Cell Cultures",https://www.gbif.org/dataset/6d837ace-1934-492b-bbfa-b3ef4a01f007
"Departamento de Biolog. Veg. II, Facultad de Farmacia, Universidad Complutense, Madrid: MAF-Lich",2,13865,835f8992-f762-11e1-a439-00145eb45e9a,"Department of Plant Biology II. Fac. of Pharmacy. Univ. Complutense de Madrid",https://www.gbif.org/dataset/835f8992-f762-11e1-a439-00145eb45e9a
"Senckenberg - CeDAMar Resource",5,13646,96180cd0-f762-11e1-a439-00145eb45e9a,"Senckenberg - CeDAMar Provider",https://www.gbif.org/dataset/96180cd0-f762-11e1-a439-00145eb45e9a
"ZFMK Orthopteroidea collection",3,13621,0fd66c58-0ef4-45b3-b5a0-14ea85d37c0a,"Zoologisches Forschungsinstitut und Museum Alexander Koenig",https://www.gbif.org/dataset/0fd66c58-0ef4-45b3-b5a0-14ea85d37c0a
"The Araneae Collection of the National Museum of Nature and Science",259,13035,19c94964-189f-45f2-905a-d23747ec9652,"National Museum of Nature and Science, Japan",https://www.gbif.org/dataset/19c94964-189f-45f2-905a-d23747ec9652
"Insect specimens of Komatsu City Museum",1,12972,f77c791c-51f8-49f1-ab01-294b7301fadd,"National Museum of Nature and Science, Japan",https://www.gbif.org/dataset/f77c791c-51f8-49f1-ab01-294b7301fadd
"ISM Mammalogy Collection",1,12289,07e9980a-a9f6-4a35-9df6-26371459e570,"Illinois State Museum",https://www.gbif.org/dataset/07e9980a-a9f6-4a35-9df6-26371459e570
"ARC-PPRI: Chalcidoidea Collection (1900-2010)",4,12199,b2ee8537-2a6c-4b4b-965a-538b47788606,"South African National Biodiversity Institute",https://www.gbif.org/dataset/b2ee8537-2a6c-4b4b-965a-538b47788606
"SMNK Mantid Collection",15,11981,7c7422be-01a3-11e2-ad0f-00145eb45e9a,"Staatliches Museum für Naturkunde Karlsruhe",https://www.gbif.org/dataset/7c7422be-01a3-11e2-ad0f-00145eb45e9a
"Marine Invertebrata specimens deposited in the Fukui City Museum of Natural History, Japan",107,11314,7a53eaaa-f762-11e1-a439-00145eb45e9a,"National Museum of Nature and Science, Japan",https://www.gbif.org/dataset/7a53eaaa-f762-11e1-a439-00145eb45e9a
"Akita Prefectural Museum, Hiroki Watanabe Collection",6,11169,7adda6be-f762-11e1-a439-00145eb45e9a,"National Museum of Nature and Science, Japan",https://www.gbif.org/dataset/7adda6be-f762-11e1-a439-00145eb45e9a
"Zoological specimens of Gifu Prefectural Museum",371,10786,869e4288-f762-11e1-a439-00145eb45e9a,"National Museum of Nature and Science, Japan",https://www.gbif.org/dataset/869e4288-f762-11e1-a439-00145eb45e9a
"Collection Cnidaria SMF",2,10711,966092f2-f762-11e1-a439-00145eb45e9a,Senckenberg,https://www.gbif.org/dataset/966092f2-f762-11e1-a439-00145eb45e9a
"(Table T2) Plankontic foraminifera stratigraphy of ODP Hole 184-1146A",10658,10658,02d744d1-d365-4da0-acd3-1e0ce526c6a3,"PANGAEA - Publishing Network for Geoscientific and Environmental Data",https://www.gbif.org/dataset/02d744d1-d365-4da0-acd3-1e0ce526c6a3
"Bryophyte specimens of The Nagoya University Museum",11,10654,86a13bf0-f762-11e1-a439-00145eb45e9a,"National Museum of Nature and Science, Japan",https://www.gbif.org/dataset/86a13bf0-f762-11e1-a439-00145eb45e9a
"(Table T2) Dinoflagellate stratigraphy of ODP Hole 184-1148A",8892,10452,7fb9bf5b-4126-4b51-b92d-c181bc34e766,"PANGAEA - Publishing Network for Geoscientific and Environmental Data",https://www.gbif.org/dataset/7fb9bf5b-4126-4b51-b92d-c181bc34e766
"(Appendix A) Abundances of planktonic foraminifera in mid-Pleistocene sediments of ODP Site 184-1144 in the South China Sea",10345,10345,69fd59a2-f762-11e1-a439-00145eb45e9a,"PANGAEA - Publishing Network for Geoscientific and Environmental Data",https://www.gbif.org/dataset/69fd59a2-f762-11e1-a439-00145eb45e9a
"Insect specimens of Hokkaido University",847,10000,b2fd674b-5eb0-41e9-8112-cd0f2c207812,"National Museum of Nature and Science, Japan",https://www.gbif.org/dataset/b2fd674b-5eb0-41e9-8112-cd0f2c207812
"Palaeobiology - Vertebrate Comparative Osteology Collection - Royal Ontario Museum",19,9760,e6acc36b-4149-4458-a26f-17fbeb0df90b,"Royal Ontario Museum",https://www.gbif.org/dataset/e6acc36b-4149-4458-a26f-17fbeb0df90b
"Collection Crustacea - ZIM Hamburg",5,9267,7b7bb606-f762-11e1-a439-00145eb45e9a,Senckenberg,https://www.gbif.org/dataset/7b7bb606-f762-11e1-a439-00145eb45e9a
"Mollusca specimens of Ryukyu University Museum (Fujukan)",51,9220,985e6485-14c9-4555-9c63-bb1b79c29da7,"National Museum of Nature and Science, Japan",https://www.gbif.org/dataset/985e6485-14c9-4555-9c63-bb1b79c29da7
"Naturhistorisches Museum Mainz, Zoological Collection",3,9038,7e2989f0-f762-11e1-a439-00145eb45e9a,"Naturhistorisches Museum Mainz",https://www.gbif.org/dataset/7e2989f0-f762-11e1-a439-00145eb45e9a
"Crustacea Collection of Natural History Museum and Institute, Chiba",268,9000,7a52c058-f762-11e1-a439-00145eb45e9a,"National Museum of Nature and Science, Japan",https://www.gbif.org/dataset/7a52c058-f762-11e1-a439-00145eb45e9a
"Wilson Botanical Garden - Las Cruces Biological Station",18,8913,d6fa86b9-8906-4622-9ebc-24d393c9ac12,"Organization for Tropical Studies",https://www.gbif.org/dataset/d6fa86b9-8906-4622-9ebc-24d393c9ac12
"Vascular Plants Collection of National Museum of Nature and Science",10,8853,73decd94-06c8-4539-a64e-89f54fb882fc,"National Institute of Genetics, ROIS",https://www.gbif.org/dataset/73decd94-06c8-4539-a64e-89f54fb882fc
"Odonata collection of National Museum of Nature and Science",17,8778,a8fca7f7-c5e1-4b99-a13a-e07ad312b5f0,"National Museum of Nature and Science, Japan",https://www.gbif.org/dataset/a8fca7f7-c5e1-4b99-a13a-e07ad312b5f0
"Propuesta para sistematizar la colección palinológica de polen reciente y fósil del IGLUNAM",1,8668,e9b9f9d0-bd86-49a2-9695-d72f92ed7548,"Comisión nacional para el conocimiento y uso de la biodiversidad",https://www.gbif.org/dataset/e9b9f9d0-bd86-49a2-9695-d72f92ed7548
"Bird specimens of Himeji City Science Museum",2102,8564,7aff155c-1c15-44d8-adf3-4d2ecb842bb9,"National Museum of Nature and Science, Japan",https://www.gbif.org/dataset/7aff155c-1c15-44d8-adf3-4d2ecb842bb9
"Polish seed gene bank – historical passport data of accessions",1,8373,68d15500-0e2d-11de-b8e6-b8a03c50a862,"Plant Breeding and Acclimatization Institute (IHAR) - National Research Institute",https://www.gbif.org/dataset/68d15500-0e2d-11de-b8e6-b8a03c50a862
"Insect specimens of Okinawa Prefectural Museum & Art Museum",3,8259,5a455e8a-51b2-4ecd-9247-cfd89f9cb768,"National Museum of Nature and Science, Japan",https://www.gbif.org/dataset/5a455e8a-51b2-4ecd-9247-cfd89f9cb768
"ZMMU MSU, White Sea Branch",3,8111,f49dd893-1e91-4ce6-9aa7-e1047ffee557,"Lomonosov Moscow State University",https://www.gbif.org/dataset/f49dd893-1e91-4ce6-9aa7-e1047ffee557
"University of Tennessee Lichen Herbarium",39,7985,80570f04-9925-461c-b729-c4844e20e923,"University of Tennessee Herbarium",https://www.gbif.org/dataset/80570f04-9925-461c-b729-c4844e20e923
"Colección de referencia de otolitos, Instituto de Ciencias del Mar-CSIC",279,7924,e95d0010-b3f1-11de-82f8-b8a03c50a862,"Institute of Marine Sciences (ICM-CSIC)",https://www.gbif.org/dataset/e95d0010-b3f1-11de-82f8-b8a03c50a862
"Algaterra Types",1,7880,85685a84-f762-11e1-a439-00145eb45e9a,"Botanic Garden and Botanical Museum Berlin-Dahlem",https://www.gbif.org/dataset/85685a84-f762-11e1-a439-00145eb45e9a
"Lichen specimen database of Faurie collection",338,7848,d06712f6-7ea3-4b31-b3c8-da5b2f7ebbc2,"National Institute of Genetics, ROIS",https://www.gbif.org/dataset/d06712f6-7ea3-4b31-b3c8-da5b2f7ebbc2
"Zoological Museum Amsterdam, University of Amsterdam (NL) - Platyhelminthes",243,7771,c1e51d70-6166-11de-84bf-b8a03c50a862,"Naturalis Biodiversity Center",https://www.gbif.org/dataset/c1e51d70-6166-11de-84bf-b8a03c50a862
"CSUC Vertebrate Collection",1,7735,08dc18e5-e3c0-4f74-b49a-b8274aabe020,"California State University, Chico Vertebrate Museum",https://www.gbif.org/dataset/08dc18e5-e3c0-4f74-b49a-b8274aabe020
"Insect Collection of Yokosuka City Museum",1473,7583,7ae496b8-f762-11e1-a439-00145eb45e9a,"National Museum of Nature and Science, Japan",https://www.gbif.org/dataset/7ae496b8-f762-11e1-a439-00145eb45e9a
"Botanic Garden of the Finnish Museum of Natural History",12,7548,83d36270-e4ac-11de-ad5c-e0ddf866799d,"Finnish Museum of Natural History",https://www.gbif.org/dataset/83d36270-e4ac-11de-ad5c-e0ddf866799d
"Rust fungus specimen of Research Group of Plant Parasitic Mycology, Faculty of Life and Environmental Sciences, University of Tsukuba",56,7386,8614cad0-f762-11e1-a439-00145eb45e9a,"National Museum of Nature and Science, Japan",https://www.gbif.org/dataset/8614cad0-f762-11e1-a439-00145eb45e9a
"SMNS Herpetologie",3,7075,9cd0014c-b7b1-4ed1-bef7-0225acfa4ef2,"Staatliches Museum für Naturkunde Stuttgart",https://www.gbif.org/dataset/9cd0014c-b7b1-4ed1-bef7-0225acfa4ef2
"Invertebrates (Type Specimens) of the Swedish Museum of Natural History",1,6948,f2ec825d-145a-42fd-9bfe-a411a557bc47,GBIF-Sweden,https://www.gbif.org/dataset/f2ec825d-145a-42fd-9bfe-a411a557bc47
"Crustacean specimens of Kitakyushu Museum of Natural History & Human History",84,6746,71dfecde-f762-11e1-a439-00145eb45e9a,"National Museum of Nature and Science, Japan",https://www.gbif.org/dataset/71dfecde-f762-11e1-a439-00145eb45e9a
"Big Bluebell Watch 2018",1,6444,de8221ff-6110-46e3-aec4-b61133f5b38c,"The Woodland Trust",https://www.gbif.org/dataset/de8221ff-6110-46e3-aec4-b61133f5b38c
"Swiss Psyllid (Hemiptera) Collections - Geneva",1,5922,82a7898c-f762-11e1-a439-00145eb45e9a,"Muséum d'histoire naturelle de la Ville de Genève - MHNG",https://www.gbif.org/dataset/82a7898c-f762-11e1-a439-00145eb45e9a
"Zoological Museum Amsterdam, University of Amsterdam (NL) - Coleoptera_Types_Orient",8,5841,6e27e0c0-c065-11dd-a311-b8a03c50a862,"Naturalis Biodiversity Center",https://www.gbif.org/dataset/6e27e0c0-c065-11dd-a311-b8a03c50a862
"Spermatophyte collection of Himeji City Science Museum",1,5490,12b7c8fc-f696-4a10-86b1-5a97ffce428b,"National Museum of Nature and Science, Japan",https://www.gbif.org/dataset/12b7c8fc-f696-4a10-86b1-5a97ffce428b
"Mollusca specimens of Wakayama Prefectural Museum of Natural History",14,5428,e9ef15ac-1078-44c1-bc86-f1ecc4115a68,"National Museum of Nature and Science, Japan",https://www.gbif.org/dataset/e9ef15ac-1078-44c1-bc86-f1ecc4115a68
"Collection ornithologique A. Maës",1,5410,a6f91225-b3bc-4ded-8374-c6c8c205baae,"Muséum d'Histoire Naturelle de Bourges",https://www.gbif.org/dataset/a6f91225-b3bc-4ded-8374-c6c8c205baae
"Bacteria Collection in BCRC",839,5341,cd018710-4452-11de-87a1-b8a03c50a862,"Bioresource Collection and Research Center (BCRC)",https://www.gbif.org/dataset/cd018710-4452-11de-87a1-b8a03c50a862
"Echigo-Matsunoyama Museum of Natural Science, Usuke Shiga butterfly collection",252,5327,7ae6ce92-f762-11e1-a439-00145eb45e9a,"National Museum of Nature and Science, Japan",https://www.gbif.org/dataset/7ae6ce92-f762-11e1-a439-00145eb45e9a
"Spider Mites Collection of Jean Gutierrez",5,5262,ac60a288-fcc9-43fe-a7d4-e732b748a981,"CBGP (UMR INRA, Cirad, IRD, Montpellier SupAgro)",https://www.gbif.org/dataset/ac60a288-fcc9-43fe-a7d4-e732b748a981
"Bacteria Collection in BCRC",824,5257,52440bd0-bd7a-419f-b244-2531dc1bedba,"Bioresource Collection and Research Center (BCRC)",https://www.gbif.org/dataset/52440bd0-bd7a-419f-b244-2531dc1bedba
"Zoological Museum Amsterdam, University of Amsterdam (NL) - Diptera_Types",51,5195,ab0b73e0-c064-11dd-a311-b8a03c50a862,"Naturalis Biodiversity Center",https://www.gbif.org/dataset/ab0b73e0-c064-11dd-a311-b8a03c50a862
"DAO Herbarium Type Specimens",11,5184,8477542c-f762-11e1-a439-00145eb45e9a,"Canadian Biodiversity Information Facility",https://www.gbif.org/dataset/8477542c-f762-11e1-a439-00145eb45e9a
"Biological observations from the Dana Expedition Reports",44,4563,a2807e3c-9296-4ede-9ac2-b9a361a46116,"Southwestern Pacific Ocean Biogeographic Information System (OBIS) Node",https://www.gbif.org/dataset/a2807e3c-9296-4ede-9ac2-b9a361a46116
"Flora of Japan Specimen Database",288,4498,55dc4a73-87ed-4420-8513-a44cce3753fe,"National Institute of Genetics, ROIS",https://www.gbif.org/dataset/55dc4a73-87ed-4420-8513-a44cce3753fe
"Odonata Collection",85,4303,eeb027e0-0e2e-11de-b8e6-b8a03c50a862,"Museum and Institute of Zoology, Polish Academy of Sciences",https://www.gbif.org/dataset/eeb027e0-0e2e-11de-b8e6-b8a03c50a862
"Insect Specimens of Lake Biwa Museum",2,4244,868d5e1e-f762-11e1-a439-00145eb45e9a,"National Museum of Nature and Science, Japan",https://www.gbif.org/dataset/868d5e1e-f762-11e1-a439-00145eb45e9a
"Diptera Collection of Museum and Institute of Zoology PAS",8,4185,f4ae0140-9fcc-11da-a90c-b8a03c50a862,"Museum and Institute of Zoology, Polish Academy of Sciences",https://www.gbif.org/dataset/f4ae0140-9fcc-11da-a90c-b8a03c50a862
"ZFMK Homoptera collection",6,4135,934e4fb0-db3e-408a-a841-182c43bf7fc1,"Zoologisches Forschungsinstitut und Museum Alexander Koenig",https://www.gbif.org/dataset/934e4fb0-db3e-408a-a841-182c43bf7fc1
"(Table 4) Percentages of planktonic foraminiferal taxa from the 214 surface-sediment samples from the South China Sea and the western Pacific",214,4126,793b46fe-f762-11e1-a439-00145eb45e9a,"PANGAEA - Publishing Network for Geoscientific and Environmental Data",https://www.gbif.org/dataset/793b46fe-f762-11e1-a439-00145eb45e9a
"(Appendix A) Abundance of benthic foraminifera in sediment core GIK17940-2",4122,4122,7d7da392-f762-11e1-a439-00145eb45e9a,"PANGAEA - Publishing Network for Geoscientific and Environmental Data",https://www.gbif.org/dataset/7d7da392-f762-11e1-a439-00145eb45e9a
"Collection Aves (spirit preserved) SMF",2,4033,965f73a4-f762-11e1-a439-00145eb45e9a,Senckenberg,https://www.gbif.org/dataset/965f73a4-f762-11e1-a439-00145eb45e9a
"Neuroptera collection of National Museum of Nature and Science",109,3814,8812c25a-753a-4616-9676-8dd1cf04bae1,"National Museum of Nature and Science, Japan",https://www.gbif.org/dataset/8812c25a-753a-4616-9676-8dd1cf04bae1
"NIWA Invertebrate Type Collection",1,3698,c5a06371-1327-4463-9b69-f6d0cce6a7bc,"The National Institute of Water and Atmospheric Research (NIWA)",https://www.gbif.org/dataset/c5a06371-1327-4463-9b69-f6d0cce6a7bc
"Christopher Walker collection of Glomeromycotan fungi",30,3690,892b4a50-f762-11e1-a439-00145eb45e9a,"Botanic Garden and Botanical Museum Berlin-Dahlem",https://www.gbif.org/dataset/892b4a50-f762-11e1-a439-00145eb45e9a
"A Dataset of Deep-Sea Fishes Surveyed by Research Vessels in the Waters around Taiwan",3653,3653,8c7571ee-8515-4b68-afc0-6f20da6a8a68,"Taiwan Biodiversity Information Facility (TaiBIF)",https://www.gbif.org/dataset/8c7571ee-8515-4b68-afc0-6f20da6a8a68
"Taiwan Fisheries Research Institute – Digital archives of coastal and offshore specimens",3102,3570,f1d263a0-98a0-11de-b4d9-b8a03c50a862,TELDAP,https://www.gbif.org/dataset/f1d263a0-98a0-11de-b4d9-b8a03c50a862
"Myriapoda - SMF",11,3530,7ef15372-1387-11e2-bb2e-00145eb45e9a,Senckenberg,https://www.gbif.org/dataset/7ef15372-1387-11e2-bb2e-00145eb45e9a
"A dataset from bottom trawl survey around Taiwan",3529,3529,f9382ea5-fdd1-4398-a275-75dd880ee876,"Taiwan Biodiversity Information Facility (TaiBIF)",https://www.gbif.org/dataset/f9382ea5-fdd1-4398-a275-75dd880ee876
"Fungi Collection in BCRC",1754,3526,abdfe320-608f-11de-a447-b8a03c50a862,"Bioresource Collection and Research Center (BCRC)",https://www.gbif.org/dataset/abdfe320-608f-11de-a447-b8a03c50a862
"(Table 9) Percentages of planktonic foraminiferal taxa from Site GIK17940",3477,3477,870a8380-f762-11e1-a439-00145eb45e9a,"PANGAEA - Publishing Network for Geoscientific and Environmental Data",https://www.gbif.org/dataset/870a8380-f762-11e1-a439-00145eb45e9a
"Gunma Museum of Natural History, Molluscan Specimen",35,3474,95f883c4-f762-11e1-a439-00145eb45e9a,"National Museum of Nature and Science, Japan",https://www.gbif.org/dataset/95f883c4-f762-11e1-a439-00145eb45e9a
"Plant Specimens collections of the Kyushu University Museum",754,3415,71e10380-f762-11e1-a439-00145eb45e9a,"National Museum of Nature and Science, Japan",https://www.gbif.org/dataset/71e10380-f762-11e1-a439-00145eb45e9a
"Fungi Collection in BCRC",1659,3330,e355bd5a-8ed9-4498-9bb6-4b0dcbdc5d09,"Bioresource Collection and Research Center (BCRC)",https://www.gbif.org/dataset/e355bd5a-8ed9-4498-9bb6-4b0dcbdc5d09
"UAFMC Herps",1,3207,9dc5adb8-b4c0-4642-b1ed-b7c5b0a8c552,"University of Arkansas Collections Facility, UAFMC",https://www.gbif.org/dataset/9dc5adb8-b4c0-4642-b1ed-b7c5b0a8c552
"Kyoto University Reptile Collection",278,3183,fe34f771-4df6-4f07-910b-12948dde2180,"National Institute of Genetics, ROIS",https://www.gbif.org/dataset/fe34f771-4df6-4f07-910b-12948dde2180
AlgaTerra,1,3131,7a22e1e4-f762-11e1-a439-00145eb45e9a,"Botanic Garden and Botanical Museum Berlin-Dahlem",https://www.gbif.org/dataset/7a22e1e4-f762-11e1-a439-00145eb45e9a
"(Table 5) Percentages of planktonic foraminiferal taxa from the 161 surface-sediment samples from the South China Sea and the western Pacific",214,3122,870c096c-f762-11e1-a439-00145eb45e9a,"PANGAEA - Publishing Network for Geoscientific and Environmental Data",https://www.gbif.org/dataset/870c096c-f762-11e1-a439-00145eb45e9a
"Platyhelminth collection of National Museum of Nature and Science",4,3085,6c827f0d-9371-447b-b42b-199ad19bdb64,"National Museum of Nature and Science, Japan",https://www.gbif.org/dataset/6c827f0d-9371-447b-b42b-199ad19bdb64
"GSPB Prokarya Catalogue",4,3012,7a5bf4e8-f762-11e1-a439-00145eb45e9a,"Leibniz Institute DSMZ - German Collection of Microorganisms and Cell Cultures",https://www.gbif.org/dataset/7a5bf4e8-f762-11e1-a439-00145eb45e9a
"UTEX Culture Collection of Algae at The University of Texas Living Algae Holdings",1,2813,70fc5154-6019-4d96-b9a7-fdce469d0260,"Culture Collection of Algae at University of Texas at Austin",https://www.gbif.org/dataset/70fc5154-6019-4d96-b9a7-fdce469d0260
"Insect speciments of Sugadaira Montane Research Center, University of Tsukuba",2,2791,519ef273-f2d9-47fd-bcbf-5451c33ab8d1,"National Museum of Nature and Science, Japan",https://www.gbif.org/dataset/519ef273-f2d9-47fd-bcbf-5451c33ab8d1
"Swiss Psyllid (Hemiptera) Collections - Basel",4,2656,82ac3414-f762-11e1-a439-00145eb45e9a,"Naturhistorisches Museum Basel - NMB",https://www.gbif.org/dataset/82ac3414-f762-11e1-a439-00145eb45e9a
"DSMZ Collection of Filamentous Fungi and Yeasts",6,2438,82757db6-f762-11e1-a439-00145eb45e9a,"Leibniz Institute DSMZ - German Collection of Microorganisms and Cell Cultures",https://www.gbif.org/dataset/82757db6-f762-11e1-a439-00145eb45e9a
"Diptera collection of National Museum of Nature and Science",30,2413,6018941d-c361-456d-a615-c3d34a033f6f,"National Museum of Nature and Science, Japan",https://www.gbif.org/dataset/6018941d-c361-456d-a615-c3d34a033f6f
"Herpetological specimens of Okinawa Prefectural Museum & Art Museum",36,2381,4487d0be-178f-412f-b2fc-bb4aabcd867a,"National Museum of Nature and Science, Japan",https://www.gbif.org/dataset/4487d0be-178f-412f-b2fc-bb4aabcd867a
"Mollusca specimens of Manazuru Shell Museum",25,2346,ad66f5d0-f485-4d27-905e-3328a0f951fe,"National Museum of Nature and Science, Japan",https://www.gbif.org/dataset/ad66f5d0-f485-4d27-905e-3328a0f951fe
"Type Specimen Database of Museum and Institute of Zoology PAS",66,2340,1757e800-9fcd-11da-a90d-b8a03c50a862,"Museum and Institute of Zoology, Polish Academy of Sciences",https://www.gbif.org/dataset/1757e800-9fcd-11da-a90d-b8a03c50a862
"Seaweed (Plantae) Collection of the Seto Marine Biological Laboratory, Kyoto University",1,2330,53687028-18f5-11e2-98fb-00145eb45e9a,"National Museum of Nature and Science, Japan",https://www.gbif.org/dataset/53687028-18f5-11e2-98fb-00145eb45e9a
"Gothenburg Herbarium - Types (GBIF:IH:GB:Herbarium)",1,2217,400b65c0-0c62-11dd-84cf-b8a03c50a862,GBIF-Sweden,https://www.gbif.org/dataset/400b65c0-0c62-11dd-84cf-b8a03c50a862
"Crustacea specimens of Ryukyu University Museum (Fujukan)",109,2204,da27a3b0-5b28-4e4a-9742-dfc77a1e539f,"National Museum of Nature and Science, Japan",https://www.gbif.org/dataset/da27a3b0-5b28-4e4a-9742-dfc77a1e539f
"Colección de Entomología - Hymenoptera - Chalcidoidea",1,2082,feb769dd-6096-4b25-8a69-9ece3a9e4b66,"Facultad de Ciencias Naturales y Museo - U.N.L.P.",https://www.gbif.org/dataset/feb769dd-6096-4b25-8a69-9ece3a9e4b66
"Collections de coquilles continentales du Muséum d'histoire naturelle de Grenoble",1,2039,cf7fbc99-de82-41a5-aa01-4461a33e9b55,"Muséum d'Histoire naturelle de Grenoble",https://www.gbif.org/dataset/cf7fbc99-de82-41a5-aa01-4461a33e9b55
"Mollusk Collection of Yokosuka City Museum",28,2000,80dcfbe6-f762-11e1-a439-00145eb45e9a,"National Museum of Nature and Science, Japan",https://www.gbif.org/dataset/80dcfbe6-f762-11e1-a439-00145eb45e9a
"Global caridean shrimp fauna",293,1965,5221e970-757c-43cb-bdd4-2f085bf36ae4,BioFresh,https://www.gbif.org/dataset/5221e970-757c-43cb-bdd4-2f085bf36ae4
"Yeast Collection in BCRC",336,1920,b10eb8b0-6091-11de-a447-b8a03c50a862,"Bioresource Collection and Research Center (BCRC)",https://www.gbif.org/dataset/b10eb8b0-6091-11de-a447-b8a03c50a862
"Cnidaria Collection of the Seto Marine Biological Laboratory, Kyoto University",19,1896,5358d8ac-18f5-11e2-98fb-00145eb45e9a,"National Museum of Nature and Science, Japan",https://www.gbif.org/dataset/5358d8ac-18f5-11e2-98fb-00145eb45e9a
"Mushroom Collection in BCRC",1276,1874,0b1c69fb-96de-438b-afe7-24a7a19a7b85,"Bioresource Collection and Research Center (BCRC)",https://www.gbif.org/dataset/0b1c69fb-96de-438b-afe7-24a7a19a7b85
"Mushroom Collection in BCRC",1261,1867,88170cf0-6091-11de-a447-b8a03c50a862,"Bioresource Collection and Research Center (BCRC)",https://www.gbif.org/dataset/88170cf0-6091-11de-a447-b8a03c50a862
"Yeast Collection in BCRC",329,1839,994c1c46-9837-4548-869d-8f69668e245a,"Bioresource Collection and Research Center (BCRC)",https://www.gbif.org/dataset/994c1c46-9837-4548-869d-8f69668e245a
"ECOT EcoTarium Ornithology Collection",1,1804,4da5c45a-54be-4de3-bf51-9d1bbe1f43b6,"Worcester Society of Natural History d.b.a. EcoTarium",https://www.gbif.org/dataset/4da5c45a-54be-4de3-bf51-9d1bbe1f43b6
"Cratacea specimens of Wakayama Prefectural Museum of Natural History",65,1750,675442df-956e-4714-8e78-903a1060f15b,"National Museum of Nature and Science, Japan",https://www.gbif.org/dataset/675442df-956e-4714-8e78-903a1060f15b
"(Fig. 5) Occurrences of selected planktonic foraminifers in samples from ODP Hole 184-1148A in the South China Sea",1748,1748,91acc88e-f762-11e1-a439-00145eb45e9a,"PANGAEA - Publishing Network for Geoscientific and Environmental Data",https://www.gbif.org/dataset/91acc88e-f762-11e1-a439-00145eb45e9a
"MfN Fish Collection, Zoology",1,1701,86417f58-f762-11e1-a439-00145eb45e9a,"Museum für Naturkunde Berlin",https://www.gbif.org/dataset/86417f58-f762-11e1-a439-00145eb45e9a
"Plant Specimens of Wakayama Prefectural Museum of Natural History",11,1612,869cd77c-f762-11e1-a439-00145eb45e9a,"National Museum of Nature and Science, Japan",https://www.gbif.org/dataset/869cd77c-f762-11e1-a439-00145eb45e9a
"Lepidoptera - SNSD",2,1575,7d8a6ba4-1387-11e2-bb2e-00145eb45e9a,Senckenberg,https://www.gbif.org/dataset/7d8a6ba4-1387-11e2-bb2e-00145eb45e9a
"KUBI Invertebrate Zoology Collection",23,1574,95c6d414-f762-11e1-a439-00145eb45e9a,"University of Kansas Biodiversity Institute",https://www.gbif.org/dataset/95c6d414-f762-11e1-a439-00145eb45e9a
"National Taiwan Museum",1135,1470,ca22abc0-98a1-11de-b4da-b8a03c50a862,TELDAP,https://www.gbif.org/dataset/ca22abc0-98a1-11de-b4da-b8a03c50a862
"Korean Insect Database",2,1426,8306a85e-f762-11e1-a439-00145eb45e9a,"Korea Institute of Science and Technology Information",https://www.gbif.org/dataset/8306a85e-f762-11e1-a439-00145eb45e9a
"Echinoderm specimens of Ryukyu University Museum (Fujukan)",5,1373,73c0bec5-417f-4d9c-8084-e80b027a1d61,"National Museum of Nature and Science, Japan",https://www.gbif.org/dataset/73c0bec5-417f-4d9c-8084-e80b027a1d61
"Chromista Collection of the Seto Marine Biological Laboratory, Kyoto University",1,1369,53849852-18f5-11e2-98fb-00145eb45e9a,"National Museum of Nature and Science, Japan",https://www.gbif.org/dataset/53849852-18f5-11e2-98fb-00145eb45e9a
"Global Butterfly Information System (GloBIS)",2,1294,65339e28-add7-11e2-8fbc-00145eb45e9a,"Museum für Naturkunde Berlin",https://www.gbif.org/dataset/65339e28-add7-11e2-8fbc-00145eb45e9a
"Actinomycetes Collection in BCRC",113,1294,fc8160f5-6d79-4fba-b587-fc8885d59471,"Bioresource Collection and Research Center (BCRC)",https://www.gbif.org/dataset/fc8160f5-6d79-4fba-b587-fc8885d59471
"Collection of Heteroptera",9,1284,128548c0-9169-11db-9f6c-b8a03c50a862,"Wrocław University, Museum of Natural History",https://www.gbif.org/dataset/128548c0-9169-11db-9f6c-b8a03c50a862
"Bryophytes specimens of Okinawa Prefectural Museum & Art Museum",5,1271,7adf9745-c840-484d-b4b6-fdf097d96f77,"National Museum of Nature and Science, Japan",https://www.gbif.org/dataset/7adf9745-c840-484d-b4b6-fdf097d96f77
"Actinomycetes Collection in BCRC",110,1266,5d2edbd0-6091-11de-a447-b8a03c50a862,"Bioresource Collection and Research Center (BCRC)",https://www.gbif.org/dataset/5d2edbd0-6091-11de-a447-b8a03c50a862
"T. L. Hankinson Vertebrate Museum (EMU) Mammal Collection",8,1242,ff2e788b-963a-4be8-8f96-d432d397ecbd,"T. L. Hankinson Vertebrate Museum, Eastern Michigan University",https://www.gbif.org/dataset/ff2e788b-963a-4be8-8f96-d432d397ecbd
"National Museum Of Marine Science & Technology",1212,1230,5767f180-98a1-11de-b4da-b8a03c50a862,TELDAP,https://www.gbif.org/dataset/5767f180-98a1-11de-b4da-b8a03c50a862
"Entomological collection of the National Museum",4,1196,167acd5c-9459-4e2d-86a1-ee9d6f5e5893,"National Museum in Prague",https://www.gbif.org/dataset/167acd5c-9459-4e2d-86a1-ee9d6f5e5893
"(Table 1) Relative abundance of 14 species of planktonic foraminifers of sediment core GIK17938-2",1168,1168,8200e7da-f762-11e1-a439-00145eb45e9a,"PANGAEA - Publishing Network for Geoscientific and Environmental Data",https://www.gbif.org/dataset/8200e7da-f762-11e1-a439-00145eb45e9a
"ZFMK Diptera collection",1,1037,f2259a44-c231-436a-a6de-0511e8e12811,"Zoologisches Forschungsinstitut und Museum Alexander Koenig",https://www.gbif.org/dataset/f2259a44-c231-436a-a6de-0511e8e12811
"National Museum of Marine Biology and Aquarium",890,1004,26ae0930-98a1-11de-b4da-b8a03c50a862,TELDAP,https://www.gbif.org/dataset/26ae0930-98a1-11de-b4da-b8a03c50a862
"Mollusca collection, Museum of Natural and Environmental History, Shizuoka",14,898,861ae8f2-f762-11e1-a439-00145eb45e9a,"National Museum of Nature and Science, Japan",https://www.gbif.org/dataset/861ae8f2-f762-11e1-a439-00145eb45e9a
CIRM-Levures,4,854,9842cdf1-f362-4922-ac80-5a6de0ebdb6a,"Institut National de la Recherche Agronomique (INRA)",https://www.gbif.org/dataset/9842cdf1-f362-4922-ac80-5a6de0ebdb6a
"(Table 2) Relative abundance of 13 species of planktonic foraminifers of sediment core GIK17938-2",844,844,820235e0-f762-11e1-a439-00145eb45e9a,"PANGAEA - Publishing Network for Geoscientific and Environmental Data",https://www.gbif.org/dataset/820235e0-f762-11e1-a439-00145eb45e9a
"U. S. National Parasite Collection's holdings from Robert L. Rausch",1,811,82c3a0ae-f762-11e1-a439-00145eb45e9a,Arctos,https://www.gbif.org/dataset/82c3a0ae-f762-11e1-a439-00145eb45e9a
"Arthropoda Collection of the Seto Marine Biological Laboratory, Kyoto University",2,752,534abda8-18f5-11e2-98fb-00145eb45e9a,"National Museum of Nature and Science, Japan",https://www.gbif.org/dataset/534abda8-18f5-11e2-98fb-00145eb45e9a
"DSMZ Collection of Plant Viruses",8,732,86403148-f762-11e1-a439-00145eb45e9a,"Leibniz Institute DSMZ - German Collection of Microorganisms and Cell Cultures",https://www.gbif.org/dataset/86403148-f762-11e1-a439-00145eb45e9a
"Collection Echinodermata - ZMB",1,665,7b85cff6-f762-11e1-a439-00145eb45e9a,Senckenberg,https://www.gbif.org/dataset/7b85cff6-f762-11e1-a439-00145eb45e9a
"(Appendix B) Benthic foraminifera extinction group polpulation of ODP Hole 184-1146A",661,661,4fe0abdc-688d-4088-a6ba-d345595f62d9,"PANGAEA - Publishing Network for Geoscientific and Environmental Data",https://www.gbif.org/dataset/4fe0abdc-688d-4088-a6ba-d345595f62d9
"(Appendix A2) Distribution of benthic foraminifera in ODP Site 184-1146",609,609,7d675880-f762-11e1-a439-00145eb45e9a,"PANGAEA - Publishing Network for Geoscientific and Environmental Data",https://www.gbif.org/dataset/7d675880-f762-11e1-a439-00145eb45e9a
"(Table 2) Raw counts of planktonic foraminiferal species and varieties from the sediment surface samples from the South China Sea",202,592,6621796c-f762-11e1-a439-00145eb45e9a,"PANGAEA - Publishing Network for Geoscientific and Environmental Data",https://www.gbif.org/dataset/6621796c-f762-11e1-a439-00145eb45e9a
"(Table 3) Percentages of planktonic foraminiferal species and varieties from the sediment surface samples from the South China Sea",198,587,8708f7d6-f762-11e1-a439-00145eb45e9a,"PANGAEA - Publishing Network for Geoscientific and Environmental Data",https://www.gbif.org/dataset/8708f7d6-f762-11e1-a439-00145eb45e9a
"Life Science National Tsing Hua University",495,495,85bc2470-98a1-11de-b4da-b8a03c50a862,TELDAP,https://www.gbif.org/dataset/85bc2470-98a1-11de-b4da-b8a03c50a862
"National Taiwan Ocean University",485,485,1597d710-98a2-11de-b4da-b8a03c50a862,TELDAP,https://www.gbif.org/dataset/1597d710-98a2-11de-b4da-b8a03c50a862
"Type Collection of the Seto Marine Biological Laboratory, Kyoto University",7,418,5318e238-18f5-11e2-98fb-00145eb45e9a,"National Museum of Nature and Science, Japan",https://www.gbif.org/dataset/5318e238-18f5-11e2-98fb-00145eb45e9a
"ZFMK Phthiraptera collection",2,375,01fdde0a-a371-45b6-a6a2-5656d57e3280,"Zoologisches Forschungsinstitut und Museum Alexander Koenig",https://www.gbif.org/dataset/01fdde0a-a371-45b6-a6a2-5656d57e3280
"Collection Cnidaria - ZMB",1,343,7b83940c-f762-11e1-a439-00145eb45e9a,Senckenberg,https://www.gbif.org/dataset/7b83940c-f762-11e1-a439-00145eb45e9a
"Administración Nacional de Institutos y Laboratorios de Salud",1,331,85814728-1453-4d63-8c03-40739a4ea684,"Administración Nacional de Institutos y Laboratorios de Salud",https://www.gbif.org/dataset/85814728-1453-4d63-8c03-40739a4ea684
"Planktic foraminifera distribution of sediment core GIK17940-2",188,188,86f09c5e-f762-11e1-a439-00145eb45e9a,"PANGAEA - Publishing Network for Geoscientific and Environmental Data",https://www.gbif.org/dataset/86f09c5e-f762-11e1-a439-00145eb45e9a
"Fish specimens of Okinawa Prefectural Museum & Art Museum",3,167,a4f3eba8-d023-4762-88f8-fcc6e81ce74d,"National Museum of Nature and Science, Japan",https://www.gbif.org/dataset/a4f3eba8-d023-4762-88f8-fcc6e81ce74d
"Molluscan fauna of Gueishan Island of Taiwan",151,151,3586d3f4-5178-46aa-be2d-77036191e2ae,"Taiwan Biodiversity Information Facility (TaiBIF)",https://www.gbif.org/dataset/3586d3f4-5178-46aa-be2d-77036191e2ae
"Other Arachnida collection of National Museum of Nature and Science",5,148,a799fd82-0b29-44d9-92e0-9fd71abd9d2a,"National Museum of Nature and Science, Japan",https://www.gbif.org/dataset/a799fd82-0b29-44d9-92e0-9fd71abd9d2a
"Mammal specimens of Ryukyu University Museum (Fujukan)",1,140,667455a8-428b-408c-8398-1f21522ff890,"National Museum of Nature and Science, Japan",https://www.gbif.org/dataset/667455a8-428b-408c-8398-1f21522ff890
"Mammal specimens of Okinawa Prefectural Museum & Art Museum",1,131,196d4689-8cfc-40e3-adf8-0e9b35c513c1,"National Museum of Nature and Science, Japan",https://www.gbif.org/dataset/196d4689-8cfc-40e3-adf8-0e9b35c513c1
"(Table T1) Abundance of dinoflagellate cysts and other palynomorphs in ODP Hole 184-1148A",127,127,3db3b303-78b8-4cbd-8346-503c6f57045a,"PANGAEA - Publishing Network for Geoscientific and Environmental Data",https://www.gbif.org/dataset/3db3b303-78b8-4cbd-8346-503c6f57045a
"Mammalians Specimens of Akita Prefectural Museum",1,115,8104afec-f762-11e1-a439-00145eb45e9a,"National Museum of Nature and Science, Japan",https://www.gbif.org/dataset/8104afec-f762-11e1-a439-00145eb45e9a
pandalidae-tychan-most,104,104,eeba8c4c-f059-4c3a-8f5c-38f1e8622bbb,"Taiwan Biodiversity Information Facility (TaiBIF)",https://www.gbif.org/dataset/eeba8c4c-f059-4c3a-8f5c-38f1e8622bbb
"Archaea Collection in BCRC",35,65,c93e0fd0-46a4-48e7-bf68-fc52e2b5f2e9,"Bioresource Collection and Research Center (BCRC)",https://www.gbif.org/dataset/c93e0fd0-46a4-48e7-bf68-fc52e2b5f2e9
"Archaea Collection in BCRC",33,63,2f541ef0-4453-11de-87a1-b8a03c50a862,"Bioresource Collection and Research Center (BCRC)",https://www.gbif.org/dataset/2f541ef0-4453-11de-87a1-b8a03c50a862
